codfornec,nome,nomefantasia,bairro,cep,campolivre1,campolivre2,cgccpf,codcidade,codtipo,contacx,contato,ctctbred,endereco,estado,fax,fone,inscest,observacao,pessoa_fj,homepage,email,ativo,codcliente,celular,inscmunicipal,codmunicipio,tipofornece,comissao,complemento,numero,optantesimples,identificacao,caracteristica_tributaria,detalhe_regime,regimetributario
000001,AUTOPECAS E EQUIPADORA BEZERRA - JUAZEIRO,AUTOPECAS E EQUIPADORA BEZERRA,ALTO DO CRUZEIRO,48900410,,,14805204000104,02307,007,,JOSADARQUE,,SETE,BA,7436114969,7436116427,24253347,,J,www.autopecasbezerra.com.br,atendimento@autopecasbezerra.com.br,S,00000005,74988236427,1928001,,2,0,BEZERRA AUTO PC -,01A,,0,99,-1,-1
000002,BEZERRAS AUTOPECAS EIRELI ME - JUAZEIRO,BEZERRAS AUTOPECAS JUAZEIRO,ALTO DO CRUZEIRO,48905235,,,13561766000197,02042,007,,MURILLO BEZERRA,,SETE,BA,7436114969,7436116427,022295857,,J,www.autopecasbezerra.com.br,atendimento@autopecasbezerra.com.br,S,00000004,7488236427,,,1,0,"02 ANDAR, SALA 02",460,,0,99,99,99
000003,BEZERRA AUTOPECAS LTDA ME - SALGUEIRO,BEZERRA AUTOPECAS SALGUEIRO,JARDIM MARAVILHA,56306610,,,14248444000155,01600,007,,DANILLO BEZERRA,,SETE DE SETEMBRO,PE,,8738634290,045724679,,J,www.autopecasbezerra.com.br,atendimento@autopecasbezerra.com.br,S,00000003,74988115688,,,1,0,TERREO,229,,0,99,-1,-1
000004,AMERICA INTERNACIONAL PECAS AUTOMOTIVAS EIRELI,STOCK AIG,JAGUAR,05346000,,,05396602000123,03827,002,0207001,VISAC - VITOR SERVO,,JAGUARE,SP,,1130300660,148551346118,,J,http://www.stockaig.com.br/,vitorservo@hotmail.com,S,00003982,75981069219,,,7,0,GALPAO 1,818,,0,99,99,99
000005,VETOR INDUSTRIA E COMERCIO DE AUTOMOTIVOS EIRELI,VETOR - VTO EKCLASS TESLLA,BATEAS,88355202,,,81589327000142,04356,002,0207001,SERVO - FATIMA,,"RODOVIA IVO SILVEIRA, KM 5",SC,4732511684,7536230627,251903494,"ENDEREAO DO CNPJ: RODOVIA ANTONIO HEIL, 1001, KM1, SALA 111, LOTEAMENTO SAO PEDRO ITAIPAVA, ITAJAA-SC. 0800-724-5011
RENATA - 26/11/2019, NF 30/70 PARTE ESPECIAL ENVIO DE CHEQUE / FALAR COM TATIANE DA SERVO.",J,www.vetorauto.com.br,fatima@servo.com.br,S,00001958,7591117690,,,7,0,KM 1 SALA 111 LOT SAO PEDRO,6000,,0,99,99,99
000006,MOBENSANI INDUSTRIAL E AUTOMOTIVA LTDA,MOBENSANI,JARDIM NOSSA SENHORA APAR,07177150,,,61246245000198,03477,001,0207001,MARCOS - REPRES,,RUA DECIO DA SILVA,SP,7532212353,1137367800,336837297112,REPRESENTANTE MARQUINHOS - 75-3221-2353 / 75-9107-1567 - ALVES E TOMAZ REPRESENTAAAES!,J,www.mobensani.com.br,alvesethomaz@hotmail.dom,S,01012135,7591071567,,,7,0,BONSUCESSO,231,,0,99,99,99
000007,MONPAR IND E COM DE AUTO PECAS LTDA,MARFLEX,COLONIA (ZONA LESTE),08260155,,,68073600000113,03827,001,0207001,VISAC - TATIANE,,MONOS,SP,,7536230627,113654167116,0800-773-2005,J,www.marflex.ind.br,fatima@servo.com.br,S,01007837,,,,7,0,PARQUE DO CARMO,244,,0,99,99,99
000008,MR IND COM BENEF AUTOPECAS E ACESSORIOS LTDA,SPEED BRAKE,VILA CARMOSINA,08260155,,,02157787000125,03827,001,0207001,VISAC - FATIMA,,ESTRADA DOS MONOS,SP,,7535230627,114809119111,"0800-773-2005
RAFAEL 14/01/2020 
REPRESENTANTE: SERVO ASSESSORIA COMERCIAL 
Fone: (75) 3623-0627 - Wpp: (75) 99713-666
FRETE: FOB
IPI: 5%
PRAZO: 14 DIAS A VISTA 
100% COM NOTA
Skype - Tatiane Servo Representaes",J,www.speedbrake.com.br,fatima@servo.com.br,S,00004115,,,,7,0,BLOCO II,244 B2,,0,99,99,99
000009,AMP IND E COMERCIO DE PECAS AUTOMOTIVAS,URBA - BROSOL,AGUA BRANCA,05036001,,,07752881000146,03827,001,0207001,IMPACTO - OTON,,AVENIDA SANTA MARINA,SP,7133411586,7133419277,117194054110,"TELEFONE DA FABRICA: 11-4003-2158 / 3616-1422 - sac@urba-brosol.com.br
RAFAEL: 22/01/2020 
REPRESENTANTE PE: GARREP REPRESENTAES  EMAIL: garrep@garrep.com.br
TELEFONE: 81-3048-5480 
FRETE: CIF
TEM 5% DE IPI
NO TEM PARTE ESPECIAL 
VENDEDOR: GUSTAVO EMAIL: gustavo.brayner@garrep.com.br
CEL: 81-98633-6462 / 99509-9930",J,www.urba-brosol.com.br,servidorimpacto@gmail.com,S,,7188146207,,,6,0,BLOCO B,1317/1357,,0,99,99,99
000010,METALURGICA TUBA LTDA,TUBA - CABOS,CRUZ PRETA,06417000,,,60813177000139,03329,001,0207001,EMILSON/CLAUDIO,,ESTRADA DOS ROMEIROS,SP,1141611210,7532237155,206076108119,"Ecrl - Emilson ComArcio e RepresentaAAes Ltda - Rua Bahia, 84, Jardim AcAcia, Feira de Santana-BA
Telefone: 75) 3223-7155 / 3481-7108
Fax: (75) 3223-7155",J,www.tubacabos.com.br,emilson_reis@yahoo.com.br,S,01008722,7588364593,,,7,0,,2305,,0,99,99,99
000011,LAMINACAO VALE JAGUARIBE LTDA - MOLAS TABULEIRO,LAMINACAO VALE / MOLAS TABULEIRO,GENIPABU,61616050,,,10429917000160,00932,001,0207001,SERVO - ISABELA,,AVENIDA CRUZEIRO DO SUL KM 18,CE,8834243000,7536230627,063699486,"MOLASTABULEIRO@MOLASTABULEIRO.COM.BR   (TELEFONE DO FINANCEIRO  (85)99958-0063, ALAN,VITORIA,VANDERLEIA.",J,www.molastabuleiro.com.br,pesados@servo.com.br,S,,8834243131,,,7,0,KM 18,S/N,,0,99,99,99
000012,HF SISTEMAS DE FREIO LTDA - HIPPER FREIOS,HIPPER FREIOS,MORRO GRANDE,88717000,,,09075317000242,04535,001,0207001,CLAUDIO - RBR REP,,"RODOVIA BR 101, KM 360",SC,,4836563000,257428984,"RBR Ricardo Bernadino Rep. Ltda - Rua Portugal, 5/7 - ComArcio - Salvador - CEP: 40015-000
Fone: (71) 3241-5080 - Fax: (71) 3242-8837 - Contato - Ricardo (71) 8199-3525
E-mail: rbrltda@terra.com.br
DESCONTO APLICADO: 59,75+4,24+4+4  PRAZO: 14/21 DIAS",J,www.hipperfreios.com.br,alissonwenzel@hotmail.com,S,00001936,75991436892,,,7,0,S/N,S/N,,0,99,99,99
000013,CEQUENT INDUSTRIA E COMERCIO LTDA - DHF,DHF - REBOQUES CARTER PROTETORES,QUINTA DA BOA VISTA,08597630,,,01859648000261,03529,001,0207001,ERICK GUSTAVSSOM REP,,RUA FLOR DE NOIVA,SP,1146467300,7532255083,379177207118,"ENDEREAO: Rua Domingos Barbosa de Araujo, 225, Sala 202, KalilAndia, Feira de Santana-BA, CEP 44001-216
TELEFONES: (75) 3225-5083  / 3624-3185 
E-MAILS: erick@gustavssom.com / gustavssom@gustavssom.com / comercial@gustavssom.com",J,www.dhf.com.br,comercial@gustavssom.com,S,,7591336776,,,7,0,,800,,0,99,99,99
000014,SINTECH DO BRASIL,SINTECH,BOQUEIRAO,81650040,,,01027688000166,04003,002,0207001,CHRYS REPRESENTACOES,,RUA CARLOS DE LAET,PR,,7536234560,9050399467,"RAFAEL: 29/11/19 
* REPRESENTANTE: CHRYS REPRESENTACOES DE PECAS LTDA.
* EMAIL: CHRYS.BA@HOTMAIL.COM
* DESCONTO APLICADO: 64,10%
* FRETE: CIF 
* PRAZO: 30/60/90 DD 
DIRETOR: JORGE (41) 9957-1098",J,www.sintechdobrasil.com.br,chrysechrys@uol.com.br,S,,7588020236,,,7,0,,4431,,0,99,99,99
000015,BZM IND E COM DE AUTOPECAS LTDA,BZM - IMPULSORES,BARRACAO,89110000,,,03608391000110,04404,001,0207001,CLAUDIO - RBR REP,,"RODOVIA IVO SILVEIRA, KM 11",SC,4732415080,7536121898,254012051,"VENDENDOR CLAUDIO - ESPECIAL 50X50 - FRETE FOB
RBR Ricardo Bernadino Rep. Ltda - Rua Portugal, 5/7 - ComArcio - Salvador - CEP: 40015-000
Fone: (71) 3241-5080 - Fax: (71) 3242-8837 - Contato - Ricardo (71) 8199-3525 - E-mail: rbrltda@terra.com.br
FONE: (47) 3332-7053 - EMAIL: bzm@bzm.com.br
ENDEREAO: Rodovia Ivo Silveira, 10.466 - Gaspar - SC - Brasil",J,www.bzm.com.br,alissonwenzel@hotmail.com,S,,75991436892,,,7,0,,10466,,0,99,99,99
000016,ORBI QUIMICA LTDA,ORBI QUIMICA,JARDIM CAPITOLIO,13610410,,,07704914000182,03566,001,0207001,BCR REPRESENTACOES,,AVENIDA MARIA HELENA,SP,1935737500,7133292222,415129461116,"BCR BERNARDINO
Contato: Bernardino/Marcia Telefone: 71 3329 2222 / 9144 9606 E-mail: sac@bcrbernardino.com.br",J,www.orbiquimica.com.br,sac@bcrbernardino.com.br,S,,7191449606,,,7,0,,600,,0,99,99,99
000017,MW JUNTAS COM P/ ATACADO DE PCS ACESS E JUNTAS,BASTOS JUNTAS,JARDIM GUANABARA,60346205,,,03208617000195,00947,001,0207001,CLAUDIO - ALLANA REP,,RUA CECIL SALGADO,CE,8532821583,,062844474,"Bastos Juntas Fortaleza
Telefone:(85)3282-1583
Fax:(85)3282-2236
Nextel: 55*80*30966
e-mail: vendas@bastosjuntas.com.br",J,www.juntas.com.br,allana_bahia@hotmail.com,S,,7588366892,,,7,0,,228,,0,99,99,99
000018,ETESSADAHNIAR INDUSTRIA E COM DE AUTOPECAS LTDA,RAINHA DAS SETE,VILA SOUZA,02860001,,,61033155000119,03827,001,0207001,BCR REPRESENTACOES,,AVENIDA DEPUTADO CANTIDIO SAMPAIO,SP,1128567300,7133292222,112486303114,"BCR BERNARDINO
Contato: Bernardino/Marcia Telefone: 71 3329 2222 / 9144 9606 E-mail: sac@bcrbernardino.com.br",J,www.rainhadassete.com.br,sac@bcrbernardino.com.br,S,,7191449606,,,7,0,,6100,,0,99,99,99
000019,ORGUS INDUSTRIA E COMERCIO LTDA,ORGUS,PORTAO VERMELHO,06730000,,,51171783000107,03898,001,0207001,SULCON REP,,RUA FRANCISCA MANOEL DE OLIVEIRA,SP,7532250273,7532213513,720005608111,"SULCON COMARCIO REPRESENTAAAO LTDA. ENDEREAO: Rua Castro Alves, 364, Centro, Feira de Santana  (BA),      CEP: 44003.198. FONE: Tel: (75) 3221-3513  A Cel. (75) 9955-7750 / (74) 9117-7500      Res: 3225-0273
e-mail: sulcon.rep@hotmail.com
SAC - ORGUS: (11) 4158-8686. E-MAIL: contato@orgus.com.br",J,www.orgus.com.br,sulcon.rep@hotmail.com,S,,7491177500,,,7,0,,602,,0,99,99,99
000020,CODISA DISTRIBUIDORA DE AUTOPECAS LTDA,COFRAN - LANTERNAS,PARQUE JOAO RAMALHO,09290260,,,11477100000120,03595,001,0207001,VISAC - FATIMA,,AVENIDA SOROCABA,SP,1129452700,7536230627,626561334115,,J,www.cofran.com.br,fatima@servo.com.br,S,,,,,7,0,,472,,0,99,99,99
000021,SPAAL INDUSTRIA E COMERCIO LTDA,SPAAL JUNTAS DYNAMIC RETENTORES,JARDIM SAO JUDAS TADEU,06786510,,,46270518000146,03853,001,0207001,OTON - IMPACTO,,RUA VICENTE LEPORACE,SP,7133419277,7133411586,675039061110,"SPAAL IND. E COM. LTDA.
Rua Vicente Leporace, 270
Bairro Jardim SAo Judas Tadeu - TaboAo da Serra - SP - Brasil - 06786-510
Tel.: (11) 4138-8022 - Fax: (11) 4137-0727",J,www.spaal.com.br,vendas@repimpacto.com,S,,7188146207,,,7,0,,270,,0,99,99,99
000022,COTEC INDUSTRIA DE AUTOPECAS E ACESSORIOS LTDA,COFRAN - RETROVISORES,CERAMICA,09530460,,,03406665000198,03810,001,0207001,,,RUA TENENTE ANTONIO JOAO,SP,1139379660,,636272210117,"A COFRAN SEPAROU A PARTE DE LANTERNAS (QUE CONTINUARAM COFRAN) DA PARTE DE RETROVISORES, QUE USAM A RAZAO SOCIAL COTEC.",J,,,S,,,,,7,0,,470,,0,99,99,99
000023,DAYCO POWER TRANSMISSION LTDA,DAYCO - CORREIAS TENSORES CABO IGNICAO,DISTRITO INDUSTRIAL DOMINGOS,13347320,,,01083192000290,03500,001,0207001,MANOELA,,EDUARDO BORSARI,SP,1939344050,1131464770,353418457110,"SUPERVISOR DE VENDAS: WELLINGTON SALLES 
DESCONTO: 50+2+2,5% 
PRAZO:28/35/42 
EXISTE REBATE DE 3%, O ANO FECHA EM FEVEREIRO",J,www.dayco.com.br,manoela.mendes@dayco.com,S,01007985,7191083910,,,7,0,GALPAO 01,2475,,0,99,99,99
000024,AUTO NORTE DIST PECAS LTDA PE,AUTO NORTE,VARZEA,50950150,,,11509676000555,01594,003,0207003,DJALMA/THIAGO,,PROFESSOR NESTOR BEZERRA,PE,75988425929,8121252000,047408820,,J,,garantia.ba@autonorte.com.br,S,02000394,87988359195,,,7,0,CUC,266 B,,0,99,99,99
000025,TECBRIL INDUSTRIA QUIMICA LTDA,TECBRIL,VILA DINAMARCA,07251100,,,04176770000140,03477,001,0207001,COSTA DA SOFAPE,,COLINA,SP,,0800150288,336661551116,"FINANCEIRO - 0800-770-5860
COMERCIAL - 0800-15-0288",J,www.tecbril.com.br,,S,,75999774546,,,7,0,PREDIO GALPAO 6,S/N,,0,99,99,99
000026,CARRHEL ARTEFATOS DE TAPECARIA LTDA,CARRHEL,JARDIM CHAPADAO,13070017,,,04084020000149,03373,001,,,,RUA QUINTINO BOCAIUVA,SP,,1932411570,244635332114,,J,www.carrhel.com.br,,S,,,,,7,0,,378,,0,99,99,99
000027,LUMAX - IND COM IMPORTADORA E EXPORTADORA LTDA,LUMAX - PARACHOQUES,PORTAO VERMELHO,06730000,,,14562779000143,03898,001,0207001,,,RUA FRANCISCO MANOEL DE OLIVEIRA,SP,,1141591028,720016006115,,J,www.lumaxautomotive.com.br,vendas@lumaxautomotive.com,S,,,,,7,0,,602A,,0,99,99,99
000028,DPF AUTOPECAS LTDA - DTS PARACHOQUES,DTS DPF - PARACHOQUES,SITIO JUQUERI MIRIM,07753040,,,05910160000191,03368,001,0207001,SUZY MAGALHAES,,RUA OSASCO,SP,,1144464100,241080029117,FONE: 0800-17-1127 - suzy.magalhaes@dtsparachoques.com.br,J,www.dpfautopecas.com.br,dtsparachoques@dtsparachoques.com.br,S,,,,,7,0,ROD ANHANGUERA KM33,1129,,0,99,99,99
000029,GONEL INDUSTRIA E COMERCIO LTDA,GONEL - RESERVATORIOS E MANGOTES,VILA NOGUEIRA,09990080,,,72717663000132,03827,001,0207001,BCR BERNARDINO,,DOUTOR ULYSSES GUIMARAES,SP,1156683200,7133292222,286314696112,"VENDEDORES INTERNOS: ADRIELE, VANESSA E LUCAS.
VENDEDOR EXTERNO: CLAUDIO (71) 99144-9606
BERNAR: (71) 99244-3397 / BERNARDINO: (71) 99144-9606
RAFAEL 18/01/2020
FRETE: FOB
IPI: 5%
DESCONTO APLICADO: 63,07+11,83+3% DO AVISTA.",J,www.gonel.com.br,televendas@bcrbernardino.com.br,S,,7192443397,,,7,0,,3179,,0,99,99,99
000030,DNI - DANI CONDUTORES ELETRICOS LTDA,DNI,BAIRRO DO LIMAO,02712140,,,63023006000102,03827,002,0207001,VISAC - FATIMA,,RUA MAESTRO GABRIEL MIGLIORI,SP,7536230627,1139338888,112726234117,,J,www.dni.com.br,fatima@servo.com.br,S,01008266,,,,7,0,,166,,0,99,99,99
000031,FLEX COMERCIO DE PECAS AUTOMOTIVAS LTDA,FLEX AUTOMOTIVE SYSTEM,PARQUE SO VICENTE,09371067,,,05975528000108,03595,001,0207001,ALISSON,,CLARISSE DE JESUS LAZARO BEDESCHI,SP,,1145466580,442213042110,,J,www.flexautomotive.com.br,flex@flexautomotive.com.br,S,,75999855656,,,7,0,,191,,0,99,99,99
000032,MARKAUTO IND. COM. AUTOPECAS LTDA,MARKAUTO,VILA ESPERANAA,03650030,,,11317665000140,03827,001,0207001,KAYO - ANTONIO CARLO,,RUA MONTES AUREOS,SP,1126455207,1127931860,148880535110,KAIO - ANTONIO CARLOS ANDREANI - (11) 99972-3430 - kayosbor@yahoo.com.br,J,,mk-markauto@hotmail.com,S,,11999723430,,,7,0,,111,,0,99,99,99
000033,ISAPA IMPORTACAO E COMERCIO LTDA,ISAPA,VALPARAISO,29165791,,,61327045000674,03164,003,0207001,,,AVENIDA GUARAPARI,ES,8007020801,8007022575,082889090,"RAFAEL 05/08/21: DESCONTO: 50+12+7% (+ ( DESCONTO LINHA 5%) ACIMA DE 20 MIL TEM + 7% 
NEGOCIACAO, + 3% EM CIMA DAS COMPRAS DE AGOSTO E SETEMBRO, SE A GENTE BATER A META ESTIPULADA DE 80 MIL",J,www.isapa.com.br,sac01@isapa.com.br,S,,,,,7,0,,799,,0,99,99,99
000034,NORDESTE VAN DISTRIBUIDORA DE AUTOPECAS LTDA EPP,NORDESTE VAN,CENTENARIO,44050656,,,10846975000199,01955,003,0207001,,,AVENIDA EDUARDO FROES DA MOTA,BA,,7536143737,82995232,nordestevan@hotmail.com,J,www.nordestevan.com.br,vendas@nordestevan.com.br,S,,,,,7,0,.,6060,,0,99,99,99
000035,LUPORINI DISTRIBUIDORA DE AUTOPECAS LTDA,LUPORINI-SP,BOM RETIRO,01130000,,,50276898000101,03827,003,0207001,,,ANHAIA,SP,1121055027,1121055000,110071408118,sac@luporini.com.br,J,www.luporini.com.br,vendas@luporini.com.br,S,,,,,7,0,987B/987/983,995,,0,99,99,99
000036,BEZERRA E OLIVEIRA COMERCIO DE AUTOPECAS LTDA,BEZERRA OLIVEIRA,CENTRO,60015061,,,07221070000119,00947,003,0207001,,,RUA PRINCESA ISABEL,CE,,8007019722,061020605,,J,,,S,,,,,7,0,07221070000119,1185,,0,99,99,99
000037,ZINNI E GUELL LTDA,ZINNI E GUELL,BONSUCESSO,07251000,,,61603288000183,03477,001,0207001,JUNEI-REPRESENTANTE,,ESTRADA DA AGUA CHATA,SP,08007701425,1124804448,336390405113,"Departamentos:	E-mails:
 	 
Vendas	vendas@zinnieguell.com.br / marisa@zinnieguell.com.br
Financeiro	financeiro@zinnieguell.com.br
CobranAa	cobranca@zinnieguell.com.br
Suprimentos	suprimentos@zinnieguell.com.br
SAC	sac@zinnieguell.com.br
RH	marina@zinnieguell.com.br",J,www.zinnieguell.com.br,vendas@zinnieguell.com.br,S,,,,,7,0,PARQUE MARIA HELENA,1233,,0,99,99,99
000091,TECOVEL HIGIENE AUTOMOTIVO LTDA,TECOVEL,PINTAGUEIRAS,42700000,,,01657687000103,02055,001,,,,AV BRIG. ALBERTO CPSTA MATOS,BA,,7133796003,45856318,,J,,,S,,,,,,0,,740,,0,99,99,99
000038,AUTOPECAS PADRE CICERO LTDA,PADRE CICERO,MONTESE,60420432,,,07965809000520,00947,003,0207001,CICERO - REPRESENTAN,,AVENIDA PROFESSOR GOMES DE MATOS,CE,,8540095098,069674914,,J,www.pecicero.com.br,nfe.atacado@pecicero.com.br,S,00025242,7988774507,,,7,0,.,1337,,0,99,99,99
000039,DIRETEC IND E COM DE AUTOPECAS LTDA,DIRETEC,CIDADE DABRIL,05182000,,,96660212000174,03827,001,0207001,BCR BERNARDINO,,RUA MAURO DE ARAUJO RIBEIRO,SP,1122315633,1122314230,113829542117,"BCR BERNARDINO
Contato: Bernardino/Marcia Telefone: 71 3329 2222 / 9144 9606 E-mail: sac@bcrbernardino.com.br",J,www.diretec.com.br,diretec@diretec.com.br,S,01007181,,,,7,0,,132,,0,99,99,99
000040,CORCERAMA COMERCIO DE AUTOPECAS LTDA,CORCERAMA,VILA MARTE,04250000,,,43720341000144,03827,003,0207001,,,RUA BUDAPESTE,SP,03001558579,1129692266,109022833115,TEM PARTE ESPECIAL,J,www.corcerama.com.br,suporte@corcerama.com.br,S,,71991345532,,,7,0,ARMAZEM 01 - SACOMA,502,,0,99,99,99
000041,CAROL IND E COM DE PRODUTOS METALURGICOS LTDA,CRL,JARDIM CARAVELAS,04729000,,,62190848000188,03827,001,0207001,,,RUA MISSIONARIOS,SP,1155632226,1156412493,112693113112,,J,www.carolcar.com.br,contato@carolcar.com.br,S,,,,,7,0,VARZEA DE BAIXO,462,,0,99,-1,-1
000042,RIVERPLAST INDUSTRIA E COMERCIO DE PLASTICO,RIVERPLAST,INDUSTRIAL,83880000,,,86800489000100,04219,001,0207001,,,AV. AFONSO PETSCHOW,PR,08007032425,4736452524,1260150894,,J,www.riverplast.ind.br,riverplast@riverplast.ind.br,S,,,,,7,0,,3750,,0,99,99,99
000043,SOFAPE FABRICANTE DE FILTROS LTDA,VOX,BONSUCESSO,07251250,,,04155026000321,03477,001,0207001,,,AV. AMANCIO GAIOLLI,SP,0800116964,1121455700,336571473116,,J,www.sofape.com.br,,S,,,,,7,0,,1825-C,,0,99,99,99
000044,SOLOPES IND E COM DE PECAS AUTOMOTIVAS LTDA ME,SOLOPES - BIELETAS,VILA SALETE,03616010,,,05619430000100,03477,001,0207001,CLAUDIO ALLANA REPRE,,RUA MANUEL JORGE RIBEIRO,SP,1126871865,1126845498,116579592119,"RENATA - 26/11/2019 / NF 30/70, PARTE ESPECIAL DEPOSITO REPRESENTANTE CAIU.",J,www.solopes.com.br,vendas@solopes.com.br,S,,,,,7,0,,49,,0,99,99,99
000045,FACOBRAS INDUSTRIA E COMERCIO LTDA EPP,FACOBRAS,VILA PINDORAMA,06413000,,,60691094000114,03329,001,,,,AV. CACHOEIRA,SP,1135560644,1135560676,206052495115,,J,ww.facobras.com.br,,S,,,,,7,0,ENTRADA PELA RUA AFONSO C,667,,0,99,99,99
000046,HBF DISTRIBUIDORA DE AUTOPECAS LTDA - UNIFAP,UNIFAP - PORTA ESCOVA,AEROPORTO,83040550,,,12085709000205,04259,001,0207001,SERVO,,AV. RUI BARBOSA,PR,4733328179,4733328383,9054200975,,J,www.unifap.com.br,unifap@unifap.com.br,S,,,,,7,0,,7969,,0,99,99,99
000047,ZM S.A.,ZM,STEFFEN,88355100,,,76812379000104,04356,001,0207001,SERVO,,RUA GUILHERME STEFFEN,SC,4732512980,4732512900,250976790,VENDDOR SERVO - NAO TEM ESPECIAL -  FRETE CIF,J,www.zm.com.br,vendas@zm.com.br,S,01014990,,,,6,0,,800,,0,99,99,99
000048,DOFAB USINAGEM E ESTAMPARIA LTDA,DOFAB,PARQUE SAO LOURENCO,08340145,,,71682017000114,03827,001,0207001,SERVO,,RUA FORTE DA RIBEIRA,SP,,1120108392,113806551114,"RAFAEL 15/01/2020
REPRESENTANTE: SERVO ASSESSORIA COMERCIAL
Fone: (75) 3623-0627 - Wpp: (75) 99713-6666
Skype - Tatiane Servo RepresentaAAes
FRETE: FOB
IPI: 5%
PRAZO: AVISTA COM 14 DIAS
ESPECIAL: 70%",J,www.dofab.com.br,contato@dofab.com.br,S,01015252,,,,7,0,,521,,0,99,-1,-1
000049,CDG COMPONENTES AUTOMOTIVOS LTDA - GAUSS,GAUSS,CHAPADA,83707752,,,09512164000172,04259,001,0207001,VISAC,,AV. DAS ARAUCARIAS,PR,,4135526080,9043902080,"RAFAEL: 29/11/19 
REPRESENTANTE: VISAC 
EMAIL: VISAC@VISAC.COM.BR
DESCONTO APLICADO: 60+10+5+4+5 DO AVISTA
PRAZO: 25 DIAS 
FRETE:CIF",J,www.gauss.ind.br,,S,00093648,,,,7,0,Galpao A4 Bloco A,375,,0,99,99,99
000050,INDUSTRIA METALURGICA ALLI LTDA - IMA,IMA,JARDIM VILA FORMOSA,03460000,,,43592823000166,03827,001,0207001,,,RUA REGO BARROS,SP,,1133893333,108909444116,VENDEDOR MARQUINHO - NAO TEM ESPECIAL - FRETE CIF,J,www.ima.ind.br,sac@ima.ind.br,S,01012614,,,,7,0,,600,,0,99,99,99
000051,DS SCHIAVETTO & CIA LTDA,DS,DIST. IND. ULISSES GUIMARAES,15092606,,,05819698000195,03821,001,0207001,BCR,,AV. JOSE ABBAS CASSEB,SP,,1732271446,647431156113,"BCR BERNARDINO COMERCIO E REPRESENTAAAES LTDA ME - Salvador / BA
bcr@bcrbernardino.com.br
(71) 3329-2222 ou (71) 9144-9606
RAFAEL 05/02/2020:
FRETE: CIF
NAO TEM PARTE ESPECIAL 
DESCONTO APLICADO: 50+10+5+5",J,www.ds.ind.br,,S,01010417,17981034179,,,7,0,,75,,0,99,99,99
000052,ACERO INDUSTRIA E COMERCIO DE PECAS AUTOMOTIVA LTD,ACERO - TANQUES,NCLEO RESIDENCIAL ISABELA,06780110,,,08532678000127,03853,001,0207001,,,AV. ALBERT EINSTEIN,SP,,1142453571,675158247110,,J,,,S,,,,,7,0,GALPAO 2 - BLOCO A,80,,0,99,99,99
000053,RA IND E COM DE PECAS ELETRICAS LTDA - INDUTEC,INDUTEC - INDUZIDO ESTATOR ROTOR,OESTE - DISTRITO INDUSTRIAL,17280000,,,05169161000127,03678,001,0207001,,,AV. DR. RAUL D. PIMENTEL,SP,,1432838707,515076094110,"SAC - SERVO REPRESENTAAAES (Domingos da Silva Servo)
Contato: Morgana / Vitor
Cel: (75) 8176 2315
Fone/Fax: (75) 3623 0627",J,www.indutecinduzidos.com.br,sac@indutecinduzidos.com.br,S,,,,,7,0,DISTRITO INDUSTRIAL,206,,0,99,99,99
000054,VIRTUAL PLASTICOS LTDA - VP,VIRTUAL PLASTICOS - VP,CASA VERDE MADIA,02521090,,,02601566000102,03827,001,0207001,SERVO - FATIMA,,DAS MACIEIRAS,SP,,1139517747,115234208119,"Servo RepresentaAAes Ltda.
Contato: FATIMA
Telefone: (075) 3623-3194
RAFAEL 05/02/2020:
FRETE: FOB
PRAZO: 14 DIAS
30% COM ESPECIAL
DESCONTO APLICADO: 50+11,83+5+5+5

Cel: (075) 8106-9219
e-mail: servo@servo.com.br
e-mail: visac@visac.com.br",J,http://www.vp.ind.br/,vp@vp.ind.br,S,00001957,,,,7,0,B,181,,0,99,99,99
000055,TANCLICK IND E COM DE AUTOPECAS LTDA,TANLCLICK,FREGUESIA DO O,02734000,,,00809895000100,03894,001,0207001,SERVO - FATIMA,,AV. ITABERABA,SP,1139326719,1139317988,114437452117,"SERVO Assessoria Comercial - Vitor / Aline
Rua Catu, 105A - Bairro Baraunas Feira de Santana - BA / CEP: 44020-015 
Fone: (75) 3626 6711 / (75) 3623 3194/ (75) 3614 2691 / (75) 3614 2693
RAFAEL 18/01/2020
NAO TEM PARTE ESPECIAL
FRETE: FOB
DESCONTO APLICADO: 45+10+9+11,83+3%

Celular: (75) 8176 5011
vendas@servo.com.br",J,www.tanclick.com.br,tanclick@tanclick.com.br,S,,,,,7,0,,363,,0,99,99,99
000056,COMERCIAL JAHU BORRACHAS E AUTOPECAS LTDA - JAHU,JAHU - BORRACHAS,PEIXINHOS,53220375,,,61136701000228,01573,003,0207001,ERIVALDO- REP,,AV. VASCO RODRIGUES,PE,,8140629999,033207313,"Geral - jahu@jahu.com.br
Vendas - vendas@jahu.com.br
Financeiro - financeiro@jahu.com.br
Compras - compras@jahu.com.br
RH - rh@jahu.com.br",J,http://www.jahu.com.br/,vendas@jahu.com.br,S,,87988197528,,,,0,SALA W,360,,0,99,99,99
000057,PATRAL PECAS LTDA,PATRAL PECAS,VILA SANTA CLARA,17014030,,,49871304000113,03332,003,0207001,,,RUA DOMICIANO SILVA,SP,08007728959,1421069000,209073076116,,J,www.patral.com.br,,S,,,,,7,0,,146,,0,99,99,99
000058,SAMA - DISTRIBUIDORA AUTOMOTIVA SA,SAMA-PE,AFOGADOS,50850000,,,61490561007113,01594,003,0207001,,,SAO MIGUEL,PE,8132566700,8121010900,026617994,,J,www.distribuidora.com.br,,S,,08000814411,,,6,0,,945,,0,99,99,99
000059,EKKO PARTS DISTRIB.AUTO PECAS LTDA ME,EKKO PARTS,AFOGADOS,50770720,,,16417234000179,01594,003,0207001,ALBERT,,SAO MIGUEL,PE,,8134226394,049315641,,J,,,S,,,,,1,0,GALPAO 03,475,,0,99,99,99
000060,BASTOS JUNTAS SKYLL INDUSTRIA E COM. LTDA,BASTOS JUNTAS,JARDIM GUANABARA,60346255,,,05004926000330,00932,001,0207001,CLAUDIO - ALLANA REP,,RUA WALT DISNEY,CE,,8532821583,064709914,GILESE - GERENTE COMERCIAL,J,www.juntas.com.br,allana_bahia@hotmail.com,S,00025646,7588366892,,,,0,,872A,,0,99,99,99
000061,CAMPOS NONATO COMERCIO DE PRODUTOS AUTOMOTIVOS,ADITVALE,CENTRO,48904000,,,09231040000119,02042,003,0207001,NONATO,,ADOLFO VIANA,BA,,36119772,75897521,,J,,,S,,,,,6,0,,879,,0,99,99,99
000062,LAGUNA - DISTRIBUIDORA AUTOMOTIVA SA,LAGUNA-PE,AFOGADOS,50850000,,,,01588,003,0207001,,,SAO MIGUEL,PE,,8121010950,026617994,,J,www.distribuidora.com.br,,S,,,,,6,0,,945,,0,99,99,99
000063,KICTECH-COMERCIAL GRANT IMP EXP DE PECAS AUTOMITIV,KICTECH,PARQUE INDUSTRIAL,87045020,,,09618614000106,04118,001,,,,RUBENS SEBASTIAO MARIN,PR,,4433066060,9044298802,,J,,,S,,,,,1,0,BARRACAO 08,1626,,0,99,99,99
000064,CIA BRASILEIRA DIST AUTO SA,SAMA,IMBIRIBEIRA,51180001,,,42580092001652,01594,003,,AIRTON,,MARECHAL MASCARENHAS DE MORAIS,PE,,8121233400,001566717,,J,,,S,,,,,,0,,2092,,0,99,99,99
000065,SO PICK UP INDUSTRIAL AUTOMOTIVE LTDA,SO PICK-UP,CAPUAVA,74450340,,,11156808000189,05409,003,,FABIO,,JOAO ALFREDO,GO,,6236057800,104551895,,J,,,S,,,,,7,0,,45,,0,99,99,99
000066,REAL MOTO PECAS LTDA,RMP-REAL,JARDIM JORDO,54355030,,,25630302000506,01550,003,,,,ANDERSON JOSE MENDES CAVALCANTE,PE,,08007014010,024343692,,J,,,S,,,,,,0,,149,,0,99,99,99
000067,BRASIL COMPONENTES AUTOMOTIVOS LTDA,BRASIL COMPONENTES,PARQUE OESTE INDUSTRIAL,74375740,,,11031766000150,05409,003,,ASSIS,,DAS PALMAS QUADRA 110,GO,,6232362600,104521716,,J,,,S,,,,,,0,QUADRA 110 LOTE 11,281,,0,99,99,99
000068,SOLICITY EXPRESS TRANSP. SERVICOS LTDA,SOLICITY EXPRESS,VILA NOVA BONSUCESSO,07175540,,,05397007000374,03477,009,0206003,,,TOSHIO UENISHI,SP,,1120850846,796136606118,,J,,solicityexpress.sp@gmail.com,S,,,,,7,0,,84,,0,99,99,99
000069,SIDERURGIA J.L. ALIPERTI SA - ALIPERTI MOLAS,ALIPERTI MOLAS,ALTO DA BOA VISTA,18087171,,,61156931002898,03846,001,0207001,ALISSON - RBR REP,,RUA PROFESSOR CELIA CANGRO MARQUES MENDES,SP,,1532283523,669543950115,,J,www.alipertimolas.com.br,allisonwenzel@hotmail.com,S,,75999855656,,,6,0,,255,,0,99,99,99
000070,ASX COMERCIO LTDA,ASX,CENTRO,44001640,,,15388190000133,01955,002,,VITOR,,RUA HONORATO BONFIM,BA,,7534814099,100998283,REP: CRHIS VISAC,J,,,S,03000004,,,,,0,LOTE 1 3 8,592,,0,99,99,99
000071,AE POLYCAR FREIO E PECAS AUTOMOTIVAS LTDA,POLYCAR,JARDIM DANFER,03728130,,,01763584000110,03477,002,0207001,,,DOS FALCONIDEOS,SP,,1120232651,149536493111,,J,,,S,,,,,,0,CS 1,45,,0,99,99,99
000072,PLATOLANDIA- IND.COMERCIO E EXP. LTDA,PLATOLANDIA,VILA MONTE BELO,08577520,,,49673288000154,03529,001,0207001,PITANGA,,SUZANO,SP,,1146403377,379020901115,,J,,,S,01013902,,,,,0,,650,,0,99,99,99
000073,AVX DISTRTIBUIDORA,AVX,VILA JULIETA,06298080,,,11904080000207,03652,003,,,,SAO DOMINGOS,SP,,1138317657,ISENTO,,J,,,S,,,,,,0,,325,,0,99,99,99
000074,METALURGICA IGUACU LTDA,IGUACU,CERAMICA,09581160,,,57046708000109,03810,001,0207001,BCR REPRESENTACOES,,RUA ENGENHEIRO ARMANDO DE ARRUDA PEREIRA,SP,7133292222,1142236363,636096528110,"VENDEDORES INTERNOS: ADRIELE, VANESSA E LUCAS.
VENDEDOR EXTERNO: CLAUDIO (71) 99144-9606
BERNAR: (71) 99244-3397 / BERNARDINO: (71) 99144-9606",J,,,S,03000001,,,,,0,,264,,0,99,-1,-1
000075,LUBRIMOTORS IND COM IMP EXP LTDA,LUBRIMOTORS IND COM IMP EXP LTDA,DISTR INDUSTRIAL III,17280000,,,03324374000150,03678,,0207001,,,AV DR ALBERTO CLEMENTINO MOREIRA,SP,,1432838080,515025791115,,J,,,S,,,,,,0,,O1639,,0,99,99,99
000076,PETROPLUS SUL COM. EXTERIOR LTDA,TECBRIL,POLO INDUSTRIAL OESTE,79108680,,,02328237000121,05118,001,,,,AV JAMIL NAHAS,MS,,6733910044,283336625,,J,,,S,,,,,,0,,741,,0,99,99,99
000077,CYRO CAVALCANTI AUTO PECAS LTDA-LIGPECA,LIGPECA,IMBIRIBEIRA,51200060,,,10723930000550,01594,003,,ERIVALDO,,JEAN EMILE FAVRE,PE,,8133386655,021174288,,J,,,S,,8788197528,,,,0,,110,,0,99,99,99
000078,TRANSRUFINO TRANSPORTES E LOGISTICA LTDA-ME,TRANSRUFINO,VILA NOVA BONSUCESSO,07176160,,,12991594000129,03477,,0206003,GENIVAN,,REMANSO,SP,,1124127076,336544652111,,J,,,S,,87988195799,,,7,0,,26,,0,99,99,99
000079,BACURITY COMERCIAL IMP E EXP.LTDA,BACURITY,VILA OSASCO,06083205,,,03484514000158,03652,003,0207001,,,SANTO ANTONIO,SP,,1136531600,492369301116,,J,,,S,,,,,,0,,2476,,0,99,99,99
000080,BRASPRESS TRANSPORTES URGENTES LTDA.,BRASPRESS,TAMBORA,06460050,,,48740351008220,03329,009,,,,RIO PRETO,SP,,1148316200,206233560117,,J,,,S,,,,,1,0,,353,,0,99,99,99
000081,MP LUB COMERCIO E REPRESENTACOES LTDA,MP LUB COMERCIO E REPRESENTACOES LTDA,APIPUCOS,52071470,,,12599809000403,01594,,0207001,,,NORTE,PE,,8132658585,036096261,,J,,,S,,,,,,0,,8065,,0,99,99,99
000082,COMERCIAL JAHU BORRACHAS E AUTO PECAS LTDA,COMERCIAL JAHU BORRACHAS E AUTO PECAS LT,PARQUE INDUSTRIAL TOMAS E,01141010,,,61136701000147,03827,,0207001,,,ROBERT BOSCH,SP,,1136190000,105031448110,VENDEDOR MATHEUS - SEM ESPECIAL - FRETE CIF,J,,,S,,,,,,0,,280,,0,99,99,99
000083,LUPORINI DISTRIBUIDORA DE AUTOPECAS LTDA,LUPORINI-ES,BAIRRO - CANAA,29135920,,,50276898000446,03168,,0207001,,,"ROD - BR-101/BR-262 KM 10,5",ES,,2733449192,082896895,,J,,,S,,,,,,0,GALPAO 02,SN,,0,99,99,99
000084,WURTH DO BRASIL PECAS DE FIXACAO LTDA,WURTH DO BRASIL PECAS DE FIXACAO LTDA,JARDIM JORDO,54355030,,,43648971005033,01550,,0207001,,,ANDERSON JOSE MENDES CAVALCANTE,PE,,1146131900,057565708,,J,,,S,00002788,,,,,0,GALPAO A2,2425,,0,99,99,99
000085,ISAPA IMPORTACAO E COMERCIO LTDA,ISAPA IMPORTACAO E COMERCIO LTDA,SALSEIROS,88311549,,,61327045000755,04434,,,AMOEDO,,RUA ANTONIO VICTOR GONCALVES,SC,,554721040600,257202170,VENDEDOR AMOEDO - SEM ESPECIAL - FRETE CIF,J,,,S,01012268,,,,,0,MZNINO SETO,500,,0,99,99,99
000086,O ESTRADAO INDUSTRIA E COMERCIO DE ACESSORIOS LTDA,O ESTRADAO INDUSTRIA E COMERCIO DE ACESS,CENTRO,13460000,,,10203548000192,03642,,,,,AVENIDA CARLOS BOTELHO,SP,,1934766008,482110030118,,J,,,S,,,,,,0,,504,,0,99,99,99
000087,KELVYN HUANG - AVIONIX,AVIONIX,LAPA,05072000,,,06977000000122,03827,002,,CLAUDIO- ALLANA,,NOSSA SENHORA DA LAPA,SP,,1136454906,116886227111,,J,,,S,,75991436892,,,7,0,,666,,0,99,99,99
000088,NEW SCENT COMERCIO DE AROMATIZANTES LTDA,NEW SCENT COMERCIO DE AROMATIZANTES LTDA,HELENA,86027500,,,07534137000175,04100,,,,,R AMARO ROMEU RAMALHO,PR,,4333245401,9034775394,,J,,,S,,,,,,0,,100,,0,99,99,99
000089,PARAMAR -COM DE PARAFUSOS E PECAS LTDA,PARAMAR,JARDIM JAPO,02123010,,,43771781000120,03827,003,,JAIR RODRIGUES,,CECILIA MEIRELES,SP,,1122076600,110313243110,,J,,,S,,87988330543,,,,0,/409,385,,0,99,99,99
000090,SULCARBON IND E COM DE PECAS SINTERIZADAS LTDA,SULCARBON,NAVEGANTES,90240110,,,73961716000129,04927,003,,,,FREDERICO MENTZ,RS,,5133745000,0962398926,VENDEDOR VISAC - ESPECIAL 50X50 - FRETE FOB,J,,,S,,,,,,0,1106/1150,1106,,0,99,99,99
000092,MECABRAZIL INDUSTRIA DE PECAS AUTOMOTIVAS EIRELI E,MECABRAZIL,PARQUE NAAAES UNIDAS,02996000,,,14329698000106,03827,001,,,,ANTONIO DE CABEZON,SP,,,146522385119,,J,,,S,,,,,,0,,56,,0,99,99,99
000093,CVN COMERCIO IMP. EXP. E DISTR DE PECAS AUTOM LTDA,CORVEN,VOLTA GRANDE,88371890,,,08833357000243,04477,001,0207001,,,RODOVIA BR 470,SC,,08007262860,256493286,"REPRESENTANTE: 
CLAUDIO - (75) - 99143-6892 - NAO TEM ESPECIAL",J,,,S,00036958,,,,,0,KM 06,4325,,0,99,99,99
000094,FAMA DO BRASIL IND DE MOLAS E AUTO PECAS LTDA,ALIPERTI MOLAS,PQ. INDUSTRIAL ZONA OESTE,86813240,,,75267096000158,03926,,0207001,,,"ROD. BR 376 KM 232, S/N SAIDA P/ MARINGA - CAIXA P",PR,,4334209000,6360106428,"26/11/19 - EVERALDO: NF - 100% REPRESENTANTE CLAUDIO - FICOU DE DEPOSITAR DIA 26-11-19  197,02 REFERENTE A JUROS .",J,,,S,,,,,,0,,000,,0,99,99,99
000095,AMJUR COMERCIO IMPORTACAO E EXPORTACAO LTDA,CARPARTS,TAMBORA POLO EMPRESARIAL,06543312,,,05558532000162,03793,003,,,,ASIA,SP,,1141523001,623087720112,,J,,,S,,,,,,0,,124,,0,99,99,99
000096,EQUILIBRIO-COMERCIAL EXP E IMP AUTOM LTDA EPP,EQUILIBRIO,BARRA FUNDA,01137020,,,18397229000177,03827,,0207001,11 3392-2669,,DOUTOR RIBEIRO DE ALMEIDA,SP,,1133922669,142542717114,,J,,,S,,,,,,0,,207,,0,99,99,99
000097,DMX BRASIL INDUSTRIA E COMERCIO LTDA,COLUMBIA,CAMPESTRE,09080040,,,12658382000124,03799,001,,,,RUA MARIA ARSULA,SP,,1123769355,626919381114,,J,,garantia@dmxbrasil.com.br,S,00010509,,,,7,0,,81,,0,99,99,99
000098,GOOP DISTRIBUIDORA AUTOMOTIVA LTDA -BA,TAKAO,CAJI,42700000,,,04919165001356,02160,003,0207001,,,TV GERINO DE SOUZA FILHO,BA,,7130240041,118493130,,J,,,S,,,,,,0,LOTE 09,180,,0,99,99,99
000099,FLANACAR COMERCIO DE AUTO PECAS LTDA,IRB ROLAMENTOS,VILA FIRMIANO PINTO,04273200,,,96312889000111,03295,001,0207001,DEBORAH IG REPRESENT,,VERGUEIRO,SP,8133253365,1150682268,117004440119,"CONTATO : DEBORAH IG REPRESENTACOES 
FONE: 81-3325-3365",J,,escritorio.igrepresentacoes@gmail.com,S,01011776,,,,7,0,GALPAO 1 E 2,7703,,0,99,99,99
000100,TELES E TELES INFORMATICA EIRELI,ATS INFORMATICA,NOVA LIMA,34006053,,,01339695000101,02307,006,0201012,REI INFORMATICA,,MINISTRO OROZIMBO NONATO,MG,,7536040900,4336864860098,"ACESSO AO SUPORTE DA REI INFORMATICA:
USUARIO: BEZERRA.MURILLO
SENHA: 123",J,www.atsinformatica.com.br,atendimento@reiinformatica.com.br,S,,75998036051,,,,0,"TORRE B, 17 ANDAR",102,,0,99,99,99
000101,REPLABOR IND.COM. DE BORRACHA LTDA,REPLABOR,CIDADE INDUSTRIAL SATALIT,07224020,,,56193246000181,03477,002,,CAIO,,AREIAL,SP,,1124822800,336720308110,,J,,kayosbor@yahoo.com.br,S,,11999723430,,,,0,,484,,0,99,99,99
000102,J. C DOS SANTOS FILHO TRANSPORTES ME - AF TRANSPOR,AF TRANSPORTES E LOGISTICA LTDA,CIDADE INDUSTRIAL SATALIT,07222020,,,20288268000188,03477,009,0206003,ROBERIO,,CECILIA ROIZEN,SP,,1135342114,796221747114,"CONTATO: ROBERIO - 74 - 98803-9587
FORMA DE CALCULO DO FRETE: 2,5% SOBRE O VALOR DOS PRODUTOS EM CADA NOTA FISCAL.
7,0% SOBRE O VALOR DOS PRODUTOS NO CASO DE PARACHOQUES E CHAPARIAS.",J,,,S,,74988039587,,,1,0,CIDADE INDUSTRIAL SATELITE DE SAO PAULO,173,,0,99,99,99
000103,FGTS - FUNDO DE GARANTIA DO TEMPO DE SERVICO,FGTS,FGTS,,,,00360305000104,05561,011,0202002,,,FGTS,DF,,,0731282500175,,J,,,S,,,,,6,0,,00,,0,99,99,99
000104,ZEN S/A INDUSTRIA METALURGICA,ZEN-TENSORES,STEFFEN,88355100,,,57006264000170,04356,001,0207001,,,GUILHERME STEFFEN,SC,,4732552800,250001500,NAo tem especial.,J,,,S,,,,,,0,,65,,0,99,99,99
000105,CONTROLE CONTABIL,,CENTRO,56302320,,,19445076000159,01588,,0204001,,,CORONEL AMORIM,PE,,,ISENTO,,J,,,S,,,,,,0,SALA 9,9,,0,99,99,99
000106,COMPANHIA ENERGETICA DE PERNAMBUCO,CELPE,JATOBA,56332175,,,10835932002828,01588,003,0201003,,,PEROBA,PE,,,ISENTO,,J,,,S,,,,,,0,,742,,0,99,99,99
000107,DAE-DOCUMENTO DE ARRECADACAO ESTADUAL,,XXXXXXXXXX,,,,,01588,,,,,CCC,PE,,,,,J,,,S,,,,,1,0,,111111,,0,99,99,99
000108,ICATU SEGUROS,,XXXXXXXXXXXX,,,,,01588,,,,,XXXXXXXX,PE,,,,,J,,,S,,,,,6,0,,22222,,0,99,99,99
000109,OLIMPIC IND DE AUTO PECAS LTDA,OLIMPIC,VILA BERTIOGA,03189040,,,61468401000165,03827,001,0207001,,,DOUTOR JOSE HIGINO,SP,,1120206400,103674012112,,J,,,S,01007991,,,,7,0,,895,,0,99,99,99
000110,AUTOBRAS USINAGEM E COMPONENTES LTDA,KIT&CIA,CUMBICA,07210008,,,06877055000241,03477,001,0207001,,,JOAQUINA TEOFILO DO ESPIRITO SANTO,SP,,1124872222,336944483110,VENDEDOR IG REPR - NAO ESPECIAL - FRETE FOB,J,,,S,01009460,,,,7,0,,196,,0,99,99,99
000111,VULC BOR VULCANIZACAO DE ARTEFATOS DE BORRACHA EPP,BORFLEX,JARDIM SAO FRANCISCO,13617372,,,10681177000154,03566,001,0207001,,,AVENIDA JOAO ARRAIS SERODIO FILHO,SP,,1935549810,415147734111,,J,,,S,,,,,2,0,,510,,0,99,99,99
000112,RANALLE COMPONENTES AUTOMOTIVOS LTDA,RANALLE,PARQUE SO LOURENÃ‡O,08340140,,,04659149000138,03827,001,0207001,,,FORTE DO RIO BRANCO,SP,,1120204200,116281487119,"(11)-3181-5457 PARA SOLICITAR BOLETOS.
ESPECEIAL NA QUANTIDADE.
MARCOS - ALVEZ E TOMAZ",J,,,S,,,,,7,0,,31,,0,99,99,99
000113,WEGA MOTORS LTDA,WEGA,CORDEIROS,88311740,,,05097311000134,04434,001,0207001,,,MARIO URIARTE,SC,,4721041152,255572530,,J,,,S,,,,,7,0,,1060,,0,99,99,99
000114,AUTO NORTE DIST. DE PECAS LTDA - BA,AUTO NORTE,PORTO SECO PIRAJA,41233005,,,11509676000393,02160,003,0207001,,,ALVARO GOMES DE CASTRO,BA,,7122013232,55112286,,J,,,S,00050000,,,,7,0,GALPAO,737,,0,99,99,99
000115,GPS-GUIA DA PREVIDENCIA SOCIAL,GPS,BBBBBBBBBBBBB,,,,,01588,010,0202003,,,AAAAAAAA,PE,,,,,F,,,S,,,,,,0,,1111111111,,0,99,99,99
000116,DARF-DOCUMENTO DE ARRECADACAO DE RECEITAS FEDERAIS,DARF,BBBBBBBBBBB,,,,,01588,,,,,BBBBBBBB,PE,,,,,J,,,S,,,,,6,0,,11111,,0,99,99,99
000117,COMPESA-COMPANHIA DE PERNAMBUCANA DE SANEAMENTO,COMPESA,BBBBBBB,,,,09769035000164,01594,010,0201004,,,AAAAAAAAAAAA,PE,,,ISENTO,,J,,,S,,,,,6,0,,2222,,0,99,99,99
000118,DAS-DOCUMENTO DE ARRECADACAO DO SIMPLES NACIONAL,SIMPLES,XXX,,,,,01588,,0203001,,,XXXXX,PE,,,,,J,,,S,,,,,6,0,,X,,0,99,99,99
000119,ATLAS TRANSPORTE E LOGISTICA,ATLAS,PQ NOVO MUNDO,02190901,,,60664828000176,03827,,,1127953100,,RUA SOLDADO AMILTON SILVA COSTA,SP,,1127953100,105708615117,,J,,efiscal@atlastranslog.com.br,S,00001961,,,,,0,RUA SOLDADO AMILTON SILVA COSTA,58,,0,99,99,99
000120,SINDICATO DOS TRABALHADORES NO COMERCIO PETROLINA,GRCSU,CENTRO,56302050,,,35447366000198,01588,010,,,,MARECHAL DEODORO,PE,,38615876,ISENTO,,J,,,S,,,,,6,0,,AAA,,0,99,99,99
000121,SAMA - DISTRIBUIDORA AUTOMOTIVA S .A.,SAMA-BA,PORTO SECO PIRAJA,41233010,,,61490561002820,02160,003,0207001,,,DOUTOR ALTINO TEIXEIRA,BA,,7121020900,01260678,,J,,,S,,,,,6,0,,1311,,0,99,99,99
000122,RETIN INDUSTRIA E COMERCIO LTDA,RIC VALVULAS,EUGANIO DE MELLO,12247002,,,72877954000198,03822,001,0207001,CLAUDIO,,CORONEL GONCALVES,SP,,1239055100,645203927113,"RAFAEL-07/01/20
REPRESENTANTE: CLAUDIO - RBR
PRAZO: 14 DIAS 
FRETE: FOB
DESCONTO APLICADO: 10+10+10+11,83+5",J,,financeiro@riccomponentes.com.br,S,,,,,,0,,270,,0,99,99,99
000123,NAIR BEZERRA GUIMARAES - ME,REPLABOR,BONSUCESSO,07224020,,,65741514000143,03477,001,0207003,,,AV. DR. ARTHUR MARCONDES SIQUEIRA,SP,,1124822800,336631582111,,J,,,S,01002102,,,,,0,,550,,0,99,99,99
000124,MASKATE DIST. PAP LTDA,,CENTRO,44002128,,,,01955,010,,NELSINEY RAMOS,,RUA CONSELHEIRO FRANCO,BA,,7521018888,,,J,,,N,,,,,7,0,,55,,0,99,99,99
000125,PRIVATE BRASIL IND.COM.E IMP. DE PE,PERFECT,TABOAO,08772710,,,07169450000151,03608,,0207001,(11)2176-9000,,"AVENIDA GENERAL MOTORS,777",SP,,1121769000,454194605111,"REPRESENTANTE:
RICARDAL - (71) - 99983-0222 - NAO TEM ESPECIAL - FRETE FOB",J,,,S,00025226,,,,6,0,,777,,0,99,99,99
000126,RAPIDEZ CARGAS E ENCOMENDAS,RAPIDEZ,PORTO SECO PIRAJA,41233005,,,12760775000144,02160,009,,7130395300,,ALVARO GOMES DE CASTRO,BA,,,020851013,,J,,,S,,,,,6,0,,382,,0,99,99,99
000127,CENTRO I E E PERNAMBUCO,CIEE,BOA VISTA,50070095,,,10998292000157,01594,,,,,RUA DO PROGRESSO,PE,,,,,J,,,S,,,,,6,0,,475,,0,99,99,99
000128,VALCLEI IND.E COM.LTDA,VALCLEI,PARQUE INDUSTRIAL DO JARD,07140020,,,60379658000188,03477,001,0207001,,,ENGENHEIRO ALBERT LEIMER,SP,,1120331077,796474469116,,J,,,S,03000002,,,,,0,B,237,,0,99,99,99
000129,INDUSTRIA METALURGICA ALLI LTDA,IMA,JD. VILA FORMOSA,03471000,,,43592823000328,03827,,,,,RUA JORGE OGUSHI,SP,,1133893333,142264595115,"EVERALDO 26/11/19 - CRADITO NO VALOR DE 46,12 REFERENTE A JUROS DO BOLETO 22826/1 - ABATER NO PRAXIMO PEDIDO.",J,,,S,01008360,,,,,0,335 / 339 E 379,335,,0,99,99,99
000130,SGARIONI IND. E COM. DE PEAAS AUTOMOTIVAS LTDA,SGARIONI,SAO CRISTOVAO,95270000,,,12843459000136,04769,,,,,"AV. 25 DE JULHO, PAVILHAO C",RS,,5432921922,0480043205,,J,,,S,,,,,7,0,PAVILHAO C,3979,,0,99,99,99
000131,VELLCO AUTOMOTIVE LTDA-ME,ELPER AUTOMOTIVE SYSTEMS,CENTRO,89201250,,,21575591000103,04445,002,,CAMILA,,DONA FRANCISCA,SC,,4732279995,257539816,,J,,,S,,,,,,0,SALA 1409,1409,,0,99,99,99
000132,PIRABOR INDUSTRIA E COMERCIO AUTOPECAS EIRELI-EPP,BORFLEX,JARDIM CASARAO,13617383,,,19167216000174,03827,001,,,,AV JOAQUIM LOPES AGUILA,SP,,,415082395110,,J,,,S,,,,,,0,,3471,,0,99,99,99
000133,MAXIMO OLIVEIRA E SOARES TRANSPORTES,M.O.S. LOGISTICA,SALTO NORTE,89065130,,,04289284000996,04345,009,0206003,,,ARI BARROSO,SC,,4734655548,258136138,,J,,,S,,,,,6,0,,1051,,0,99,99,99
000134,WILLTEC INDUSTRIA E COMERCIO LTDA.,WILLTEC,PENHA,12929460,,,96474523000149,03351,001,0207001,VITOR,,EXPEDICIONARIO JOSE FRANCO DE MACEDO,SP,,551140357500,225185948114,,J,,,S,01009784,,,,,0,,351,,0,99,99,99
000135,AF TRANSPORTES-ME,AF TRANSPORTES,CIDADE INDUSTRIAL SATALIT,07222020,,,17524742000119,03477,009,0206003,,,CECILIA ROIZEN,SP,,11951688584,142078365117,,J,,,S,,,,,1,0,,173,,0,99,99,99
000136,FTE INDUSTRIA E COMERCIO LTDA,FTE,VILA NOAMIA,09370800,,,05249401000101,03595,002,0207001,,,PAPA JOAO XXIII,SP,67473047,1145193033,442134106114,,J,,,S,,,,,7,0,,763,,0,99,99,99
000137,DEVIGILI & VARITY COM IMP. E EXPORTACAO LTDA,DEVIGILI,VILA NOVA,89237680,,,13407513000163,04326,001,0207001,,,ROD SC 108,SC,,4730273300,256360340,,J,,,S,01011442,,,,7,0,CAIXA POSTAL N 6255,SN,,0,99,99,99
000138,SOFIBOR INDUSTRIA E CORMERCIO LTDA ME,SOFIBOR,VILA SO FRANCISCO,03678090,,,01468533000165,03827,001,0207001,,,TOMAZ CARTACHO,SP,,1122806298,114759291112,VENDEDOR SERVO - ESPECIAL 20X80 - FRETE FOB,J,,,S,,,,,1,0,,55,,0,99,99,99
000139,BRADESCO AUTO/RE COMPANHIA DE SEGUROS,BRADESCO SEGUROS,RIO COMPRIMIDO,20261901,,,92682038000100,03240,010,0209001,,,RUA BARAO DE ITAPAGIPE,RJ,,,77.902.97-0,,J,,,S,,,,,,0,,225,,0,99,99,99
000140,MARILLIAM COMERCIO IMP. EXPORTACAO DE ARTIGOS DO,KICTECH,JARDIM LIBERDADE,87047035,,,02288379000374,04118,002,0207001,,,DOS PALMARES,PR,,44999615510,9074306770,,J,,,S,,,,,7,0,SALA 05,163,,0,99,99,99
000141,METALURGICA SCHADEK LTDA,SCHADEK,VILA AMERICA,18540000,,,60851417000190,03718,001,0207001,,,RUA JOAO THOMAZ DE ALMEIDA,SP,,1532623112,554009696117,"RAFAEL 16/01/2020
REPRESENTANTE BAHIA: RANDAL REPRESENTACOES LTDA
71 3359-0222       Office
71 99918-3100    Mobile

Poltica Comercial: 
Descontos pedidos                             Prazo de pagamento
30% >= 20.000,00                                         49/56/63 
28% de 10.000,00 < 20.000,00                  42/49/56
 25% de  5.000,00 < 10.000,00                   35/42/49
Frete: CIF
Desconto adicionais para pagamento  vista:                                                                                                                               2%  - 21 dias
  1%  -  28 dias
Faturamento mnimo : R$ 3.000,00
Duplicada mnima : R$ 1.000,00
Pedidos enviados at dia 20 de cada ms, desconto adicional de 3%
Itens em promoo, desconto adicional de 5%
Diferena de ICMS: 11,83% itens nacionais; 14,58% itens importados",J,,,S,01003723,,,,7,0,,900,,0,99,99,99
000142,CONCILTEC CONCILIACAO INTELIGENTE E TECN EIRELI-ME,CONCILTEC,CENTRO,56302000,,,28038173000118,01588,010,0209001,,,GUARARAPES,PE,,8738611543,,,J,",",,S,,,,,1,0,CENTRO,2188,,0,99,99,99
000143,JCBL DISTRIBUIDORA DE PEAS AUTOMOTIVOS EIRELI,INDISA,DISTRITO INDUSTRIAL,13054700,,,08357761000107,03373,002,0207001,CLAUDIO,,ANTONIO LUCHIARI,SP,,1937656000,244794626116,,J,,,S,,,,,,0,BLOCO B,1001,,0,99,99,99
000144,SUN ESPECIAL COMERCIO E REPRESENTACOES,SUN ESPECIAL,SALSEIROS,88311601,,,05013910000475,04434,001,0207001,,,BR-101,SC,,1133348800,255709676,,J,,,S,01014351,,,,7,0,SALA 01,1001,,0,99,99,99
000145,NOTUS SISTEMAS TERMICOS DO BRASIL LTDA,NOTUS,CIDADE INDUSTRIAL SATLIT,07231020,,,11252446000120,03477,001,0207001,,,ARGIRITA,SP,,1124136550,336946849119,FINANCEIRO: VINICIUS  111-4840-8200,J,,,S,,,,,7,0,GALPAO 2,250,,0,99,99,99
000146,MF COMERCIO E INDUSTRIA DE MANGUEIRAS E ARTEFATOS,MG MANGUEIRAS,JARDIM YAMBER,09970300,,,14599436000153,03417,002,,VITOR VISAC,,POACA,SP,,1140494438,286385510116,,J,,mgmangueiras@terra.com.br,S,01012900,,,,,0,,51,,0,99,99,99
000147,SOFAPE FABRICANTE DE FILTROS LTDA.,SOFAPE FABRICANTE DE FILTROS LTDA.,AGUA CHATA,07251100,,,04155026000674,03477,,0207001,,,R COLINA (VILA DINAMARCA),SP,,1121455968,796504785114,,J,,,S,,,,,,0,GALPAO6 SITIO PEDREGULHO,501,,0,99,99,99
000148,COMERCIAL AUTOMOTIVA S. A. - DPK,DPK,AFOGADOS,50770690,,,45987005020385,01594,003,0207001,,,BEZERRA DA PALMA,PE,,8113388450,029625351,,J,,,S,,,,,6,0,,126A,,0,99,99,99
000149,MDS METALURGICA DS LTDA,MDS,CARAVAGGIO,88868000,,,79414868000198,04481,001,0207001,,,ROD. JOSE SPILLERE,SC,,4834366700,251369196,VENDEDOR BCR - NAO ESPECIAL - FRETE FOB,J,,,S,,,,,7,0,,1785,,0,99,99,99
000150,PREFEITURA MUNICIPAL PETROLINA,PREFEITURA,CENTRO,56302905,,,,01588,010,0208004,,,AVENIDA GUARARAPES,PE,,8738629173,,,J,,,S,,,,,1,0,,2114,,0,99,99,99
000151,AUTO NUNES LTDA,AUTO NUNES,JARDIM JORDO,54315570,,,40889222000121,01550,003,0207001,,,DA BATALHA,PE,8133662500,8133662525,018213006,,J,,,S,,,,,7,0,,1000,,0,99,99,99
000184,NICHOLAS FRANCA SILVA,MG,SERRARIA,09980150,,,31663902000131,03417,001,0207001,,,JOSE BONIFACIO,SP,,1140495817,286514640114,,J,,,S,,,,,6,0,,1758,,0,99,99,99
000152,POLYFREIOS FREIOS E PEAS AUTOMOTIVAS EIRELI ME,POLYCAR,VILA SILVIA,03820000,,,10360209000110,03827,,0207001,,,RUA OLHO D'AGUA DO BORGES,SP,,1120232651,37773089,,J,,financeiro@polycarfreios.com.br,S,,,,,,0,LOJA,888,,0,99,99,99
000153,AGILITY DEPOSITO DE MERCADORIAS MANUT. E REPAR.,TECHONE,PARQUE BOA VISTA II,25055009,,,23625598000100,03197,002,0207001,,,RODOVIA WASHINGTON LUIZ,RJ,,2124848574,87100391,,J,,,S,01012626,,,,1,0,BLOCO C BOX 3,2070,,0,99,99,99
000154,PANGEA WORLD BUSINESS COM. IMP E EXP LTDA,TECHONE,PLANO DIRETOR SUL,77022098,,,08986646000444,00443,002,0207001,,,612 SUL ALAMEDA 3,TO,,6332143973,294583297,,J,,,S,,,,,7,0,,03,,0,99,99,99
000155,DPV DE SOUZA EIRELI-ME,TETRA QUIMICA,CAMPO GRANDE,52040370,,,18856688000171,01594,003,0207001,,,LAURO DE SOUZA,PE,,,058072713,,J,,,S,,,,,1,0,,328,,0,99,99,99
000156,SUN SPECIAL COMERCIO E REPRESENTACAO LTD,SUN SPECIAL COMERCIO E REPRESENTACAO LTD,CANIND,03034070,,,05013910000807,03827,,0207001,,,COMENDADOR NESTOR PEREIRA,SP,,1133348800,146376324113,,J,,,S,01014285,,,,,0,08006606000,161,,0,99,99,99
000157,ROLAMENTOS FLAM IND E C/ AUTO PECAS LTDA,FLAM,JARDIM ANSALCA,07241110,,,10506405000150,03477,001,0207001,1133807639,,ANGICAL,SP,,1133807639,336866516114,emerson@bbg.com.b,J,,,S,,,,,7,0,,213,,0,99,99,99
000158,ROBSON CAMPELO SABINO,AROMATIZANTE VEICULAR,UNIVERSITRIO,55016380,,,02048761410,01507,001,0207001,ROBSON CAMPELO,,PARIS,PE,,8188866851,,,F,,,S,00033160,,,,,0,,680,,0,99,99,99
000159,OI TELEFONIA,OI,XXXXXXXX,,,,,01588,010,0209002,,,XXXXXXXXX,PE,,,,,J,,,S,,,,,1,0,,XXXXXX,,0,99,99,99
000160,DOMPARTS COMPONENTES AUTOMOTIVO LTDA,SKIP SOLUCOES,PARQUE NOVO MUNDO,02145040,,,16699396000147,03827,002,,JAQUELINE,,TERCEIRO-SARGENTO ALCIDES DE OLIVEIRA,SP,,551123378669,145554637115,VENDEOR CLAUDIO - ESPECIAL 30X70 - FRETE FOB,J,,,S,,,,,1,0,,299,,0,99,99,99
000161,TRUCK COMERCIAL IMP.EXP.,TRUCK,SO CRISTVO,20940190,,,31578875000107,03240,003,,WILTON,,ESCOBAR,RJ,,,83409398,,J,,,S,,,,,,0,,83-A,,0,99,99,99
000162,COSME DAMIAO RODRIGUES -ME,WF BORRACHAS,VILA SANTA ANTNIA,09980380,,,06915864000110,03417,003,,CAIO,,DO RUFINO,SP,,,286256890115,,J,,,S,,,,,,0,,1044,,0,99,99,99
000163,AUTOPECAS BEZERRA - PETROLINA,BEZERRA AUTOPECAS,JD MARAVILHA,56300000,,,24971968000123,01588,008,0209001,,,AV CEL ANTONIO HONORATO VIANA,PE,,74988445844,067686796,,J,,,S,00000144,,,,1,0,,1770,,0,99,-1,-1
000164,MG MANGUEIRAS EIRELI EPP,MG MANGUEIRAS EIRELI EPP,SERRARIA,09980150,,,15808828000148,03417,,,,,R JOSE BONIFACIO,SP,,1140991169,286214247113,"RAFAEL:15/01/2020
REPRESENTANTE: VISAC ASSESSORIA COMERCIAL 
Skype: Cris Santos (VISAC)
FRETE FOB
ESPECIAL:80% 
PRAZO:  A VISTA 21 DIAS (USEI O DESCONTO DE A VISTA )
(75) 3623 - 9238",J,,,S,01012893,,,,,0,GALPAO A,1740,,0,99,99,99
000165,SKIP SOLUCOES KITS E PECAS EIRELI,SKIP,VILA MEDEIROS,02204000,,,04912577000120,03827,001,0207001,1129836999,,JOSE DE ALMEIDA,SP,,1129836999,116389279110,,J,,,S,,,,,6,0,,447,,0,99,99,99
000166,GS INFORMATICA CERTIFICADO A1,GS INFORMATICA,JD FLORIDA,48900000,,,11957232000159,02042,003,0208004,,,RUA RAIMUNDO DIAS DE MIRANDA,BA,,74988021216,,,J,,,S,,,,,6,0,,212,,0,99,99,99
000167,CAIO -ANTONIO CARLOS ANDREANI,KAYOS,JJJJJJJJJJ,,,,53782267834,03477,010,,CAIO,,JAJKJAJLJALJLJA,SP,,,,,F,,,S,,,,,,0,,7,,0,99,99,99
000168,POLY REPAROS COM DE AUTO PEAS LTDA,SPARE KITS,VILA DIVINA PASTORA,03265010,,,04533511000120,03827,001,0207001,,,BARLAVENTO,SP,,29184065,116187045111,VENDEDOR PABLO - ESPECIAL - FRETE FOB,J,,,S,,,,,7,0,,351,,0,99,99,99
000169,MASFLOG TRANSPORTE RODOVIARIO EIRELI EPP,MASFLOG,QUEIMADINHA,44000000,,,,01955,009,0206003,,,RUA INTENDENTE ABDON,BA,,7532219915,,,J,,,S,,,,,2,0,,72,,0,99,99,99
000170,TIGRE AUTOMOTIVE S. A. - GT1,GT1,BOQUEIRO,81670020,,,14293158000101,04003,002,0207001,,,FREDERICO MAURER,PR,,4133761717,9057369652,,J,,,S,,,,,6,0,KM,3495,,0,99,99,99
000171,LI YU F. PING - GT1,GT1,BOQUEIRO,81670020,,,16417706000193,04003,002,0207001,,,FREDERICO MAURER,PR,,4133761717,9060201304,"WASLEY 02/12/19
REPRESENTATE: HARPA REPRESENTAES
CONTATO: SKYPE
PARTE ESPECIAL: 80%
DESCONTO APLICADO: 
FRENTE: FOB
PRAZO:",J,,,S,,,,,6,0,,3495,,0,99,99,99
000172,H3 COMERCIO DISTRIBUIDORA E TRANSPORTE LTDA,SEINECA,BARRA DA TIJUCA,22775057,,,13644704000149,03240,002,0207001,,,AV JOAO CABRAL DE MELLO NETO SALA 1206 BLOCO 02,RJ,,2135907878,79375470,,J,,seineca@hotmail.com.br,S,01014084,,,,7,0,,850,,0,99,99,99
000173,SINTECH DO BRASIL LTDA,SINTECH DO BRASIL LTDA,MONTE ALEGRE (MONTE ALEGR,88348410,,,01027688000247,04360,,,,,RODOVIA BR-101,SC,,4133333232,258737077,,J,,,S,03000003,,,,,0,TRADE PARK - GALPAO 1A - MARGINAL OESTE,SN,,0,99,99,99
000174,TIGRE AUTOMOTIVE S.A,GT1,BOQUEIRO,81670020,,,,04003,002,,4133761717,,FREDERICO MAURER,PR,,,,,J,,,S,,,,,6,0,,3495,,0,99,99,99
000175,NN COMERCIO E INDUSTRIA DE PECAS AUTOMOTIVAS LTDA,RTA,JARDIM REBOUAS,87083580,,,10480652000124,04118,002,0207001,,,48009,PR,,4430303031,9046253458,,J,,financeiro01nn@gmail.com,S,,,,,7,0,-,329,,0,99,99,99
000176,FANIA COMERCIO E INDUSTRIA DE PECAS LTDA,FANIA,SAO JUDAS TADEU,37504069,,,57006983000433,02609,002,0207001,,,AV PRESIDENTE TANCREDO DE ALMEIDA NEVES,MG,,3536295800,3241343290013,,J,,fania@hotmail.com,S,,,,,7,0,,725,,0,99,99,99
000177,VOBER INDUSTRIA E COMERCIO LTDA,VOBER,DISTRITO INDUSTRIAL,14300000,,,00023841000114,03331,001,0207001,,,AV PRESIDENTE VARGAS,SP,,1637618040,208029756118,,J,,vober@hotmail.com.br,S,01013165,,,,7,0,,345,,0,99,99,99
000178,MOTORACO COMERCIO DE AUTO PECAS LTDA,MOTORACO,SANTO ANTONIO,09530310,,,27077237000127,03810,002,0207001,,,MACHADO DE ASSIS,SP,,1127592035,636336209110,,J,,motoraco@hotmail.com,S,01006217,,,,7,0,,376,,0,99,99,99
000179,KTRMOES FF IND AUTO PECAS LTDA ME,KTRMOES,VARZEA DO SOUZA,06652855,,,02455307000102,03793,002,0207001,,,ESTRADA ANA PROCOPIO DE MORAIS,SP,,1141561671,623020546114,,J,,ktrtmoes@hotmail.com,S,,,,,7,0,,400,,0,99,99,99
000180,COMERCIO E INDUSTRIA DE MOLAS ESPIRAIS TIGRE LTDA,MOLAS TIGRE,ABOLIO,20751002,,,33103235000168,03240,002,0207001,,,DOM HELDER CAMARA,RJ,,2125972293,81959250,pedidos@molastigre.com.br,J,,tigre@hotmail.com,S,,,,,7,0,PILARES,6888,,0,99,99,99
000181,"FLORIO INDUSTRIA, COMERCIO, IMPOR E EXP LTDA",FLORIO,PARQUE INDUSTRIAL DAS OLI,06765350,,,56679186000101,03853,001,0207001,,,RAFAEL DE MARCO,SP,,1147712222,675155753118,REP- BCR -,J,,,S,01014939,,,,7,0,,226,,0,99,-1,-1
000182,RADIEX INDUSTRIA E COMERCIO LTDA,RADIEX,LARANJA AZEDA,07430350,,,57345050000128,03309,001,0207001,,,AV TOWER AUTOMOTIVE,SP,,1147465222,188106130110,alan-financeiro,J,,,S,,,,,7,0,GALPAO 15,701,,0,99,99,99
000183,MTF COMERCIO DE ROLAMENTOS LTDA,MTF,CIDADE NOVA,88308605,,,04268957000255,04434,001,0207001,,,RODOVIA BR101,SC,,1133151744,258610573,,J,,,S,00099856,,,,7,0,"GALPAO A SALA 02 KM 122,4",9245,,0,99,99,99
000185,MANDO MACHINERY DISTRIBUIDORA DE AUTO PECAS LTDA,MANDO,BRAS,03005010,,,03458819000195,03827,003,0207001,,,FERNANDES SILVA,SP,,33298700,115592790113,,J,,areceber03@mando.com.br,S,01011557,,28403479,,7,0,SUC 06 08 10 E 10A BLOCO 03 -CENTERBRAS AG. BRAS,296,,0,99,99,99
000186,SNAP-ON DO BRASIL COM E IND LTDA,SNAP-ON,JARDIM AMALIA,13456401,,,60395175000177,03778,003,0207001,,,JUSCELINO KUBITSCHEK DE OLIVEIRA,SP,,551921081000,606023425119,Marileine.Santana@snapon.com,J,,,S,01015086,,,,7,0,,470,,0,99,99,99
000187,MARCON IND. E COM. DE PRODUTOS DE BORRACHA E PLAST,MF MANGUEIRAS,KM 13- INDAGUASSU,18500000,,,17308569000111,03563,002,,JOSE INACIO,,ESTRADA VICINAL JOAO HERMANO PESSIN,SP,,1533839050,412022026114,,J,,,S,,,,,,0,KM 1.3,SN,,0,99,99,99
000188,INTERCOM COM. IND. DE PEAS EIRELI,JANPARTS,VILA ARCDIA,02910000,,,29726774000186,03827,003,,,,BALSA,SP,,1128186000,119063764114,,J,,,S,,,,,,0,FUNDOS,537,,0,99,99,99
000189,IMPORTWAY COMERCIO IMPORTACAO E EXPORTACAO,STARKE,MACHADOS,88371554,,,09228603000209,04410,002,,FELIPI,,RUA SANTOS MACCARINI,SC,,4733191222,255653670,"NO TEM ESPECIAL
REPRESENTANTE: FELIPE BONILA",J,,,S,01007752,,,,,0,SALA 12,650,,0,99,99,99
000190,FIORI VEICOLO S/A,FIORI,MADALENA,50720100,,,35715234000108,01594,004,0207001,,,JOAO IVO DA SILVA,PE,,8134477777,017462002,,J,,,S,01014480,,,,,0,,220,,0,99,99,99
000191,POLO COMERCIO INTERNACIONAL LTDA,EURO,JOSE TAVERNA,83430000,,,06261751000229,03965,003,0207001,,,ROD JOSE TAVERNA,PR,,4136762631,9048089973,financeiro@traex.com.br para solicitar Boletos.,J,,u@hotmail.com,S,01007532,,,,7,0,GLP 1 E 2,797,,0,99,99,99
000192,LIBERTY SEGUROS S. A.,LIBERTY SEGUROS,SAO PAULO,04571020,,,61550141000172,03827,011,,,,RUA DOUTOR GERALDO CAMPOS MOREIRA,SP,,,ISENTO,,J,,,S,,,,,6,0,,110,,0,99,99,99
000193,COMERCIAL DE AUTOPEAS KYB DO BRASIL LTDA,KYB,SSS,81460050,,,19282382000111,04003,002,,,,CYRO CORREIA PEREIRA,PR,,4130123620,9064878880,"REPRESENTANTE:
PAULO CSAR - (41) - 99910-0090  - NAO ESPECIAL -  FRETE CIF",J,,,S,01009445,,,,,0,SALA 07,2400,,0,99,99,99
000194,APLIC COMERCIO IND DE PECAS LTDA.,APLIC,CRUS PRETA,06417020,,,61441887000148,03329,001,,RONNY CANDEIAS,,RUA ALMEDIDA N100,SP,,1141618866,206015934111,"REPRESENTANTE RONNY 
CANDEIAS ASSESORIAS E VENDAS 
DESCONTO 64,16% (15/03/22) + 3,12% PARA PRODUTOS IMPORTADOS 
PRAZO 7/14/21/28 DIAS",J,,,S,,,,,,0,,100,,0,99,99,99
000195,TDM FRICTION DO BRASIL S/A,COBREQ,OLARIA,13329350,,,07000100000167,03827,,,1938949719,,RUA DAS NACOES UNIDAS,SP,,,,"RAFAEL 17/01/2020
REPRESENTANTE PE: FRANAP REPRESENTACOES- GEAN IGNACIO 
Preos lquidos sem ipi/st
Prazo 28/35/42
Frete CIF",J,,,S,,,,,6,0,,2687,,0,99,99,99
000196,TMD FRICTION DO BRASIL S/A,COBREQ,OLARIA,13329350,,,33060716000214,03772,,,,,RUA DAS NACOES UNIDAS,SP,,1938949733,600106676114,"RAFAEL 17/01/2020
REPRESENTANTE PE: FRANAP REPRESENTACOES- GEAN IGNACIO 
Preos lquidos sem ipi/st
Prazo 28/35/42
Frete CIF",J,,,S,,,,,,0,,2687,,0,99,99,99
000197,CLICK AUTOMOTIVA INDUSTRIAL LTDA.,CLICK AUTOMOTIVA INDUSTRIAL LTDA.,MACUCO,13279451,,,62479365000106,03894,,,,,RUA LAERTE DE PAIVA,SP,,1938818400,708024369113,,J,,,S,,,,,,0,,264,,0,99,99,99
000198,ALUGUEL E TAXA DE AGUA ( LOJA I),,JARDIM MARAVILHA,56306610,,,,01588,,,PAULO,,SETE DE SETEMBRO,PE,,87988359252,,,F,,,S,,,,,,0,,229,,0,99,99,99
000199,CAPPTA,CAPPTA S.A,VILA OLMPIA,04547006,,,13966572000171,03827,010,0207001,,,GOMES DE CARVALHO,SP,,,ISENTO,,J,,,S,,,58177809,,6,0,,01609,,0,99,99,99
000200,THOWER IND COM DE AUTO PECAS LTDA,THOWER,NOSSA SENHORA DO DESTERRO,86025590,,,01917167000184,04100,002,,PABLO HARPA,,PADRE ANCHIETA,PR,,4333560080,9013775378,,J,,,S,,,,,,0,,155,,0,99,99,99
000201,ORIGINAL KIT CEDRAZ COM IMP. E EXPORTAO LTDA,CEDRAZ,VILA REGENTE FEIJ,03335007,,,11253807000152,03608,001,0207001,,,PEDRO NICOLAU BERNARDO,SP,,1126716700,148850938111,,J,,faturamento@originalkit.com.br,S,01015540,,,,7,0,BLOCO M4,04,,0,99,99,99
000202,YONIC IMPORTAO E EXPORTAO,CINOY,JARDIM GRAMACHO,25055210,,,14218726000100,03240,010,0207001,21 2784-1600,,FRANCISCO PORTELA,RJ,,2127841600,79478318,,J,,cadastro@cinoy.com.br,S,01009913,,,,6,0,J,925,,0,99,99,99
000203,MP LUB COMERCIO E REPRESENTACOES LTDA,MP LUB COMERCIO E REPRESENTACOES LTDA,PASSARINHO,52170640,,,12599809000160,01594,,,,,AVENIDA DA RECUPERACAO,PE,,8132658585,000152536,,J,,,S,,,,,,0,,002,,0,99,99,99
000204,MTF COMERCIO DE ROLAMENTOS EIRELI,MTF COMERCIO DE ROLAMENTOS EIRELI,PONTE PEQUENA,01109000,,,04268957000174,03827,,,,,AV. CRUZEIRO DO SUL,SP,,1133151744,116111182115,NF 50/50 PARTE ESPECIAL ENVIO DE CHEQUE / FINACEIRO PARTE ESPECIAL PABLO OU AROLDO / FINANCEIRO DA NF EDVANIA,J,,,S,01014278,,,,,0,,275,,0,99,99,99
000205,VGERCIE COMERCIAL LTDA,VGERCIE,IPIRANGA,04211040,,,08249440000199,03827,001,0207001,1150785330,,CISPLATINA,SP,,1150785330,149399609110,,J,,,S,,,,,6,0,,68,,0,99,99,99
000206,SUN SIMON COM. IMP. PARTES E PECAS AUTOMOTIVAS LTD,AUTAFASTAR,CERMICA,09581170,,,10222857000100,03810,002,0207001,,,ENGENHEIRO ARMANDO DE ARRUDA PEREIRA,SP,,1139965202,636307973112,,J,,faturamento@autafastar.com.br,S,01012735,,,,7,0,,657,,0,99,99,99
000207,SAMPEL IND.E COM.DE PECAS AUTOM. LTDA,SAMPEL,QUINTA DA BOA VISTA (INDU,08597630,,,61215646000180,03529,002,0207001,,,FLOR DE NOIVA,SP,,46468100,379043405116,,J,,,S,01004863,,,,7,0,,500,,0,99,99,99
000208,PHINIA DELPHI BRASIL LTDA,DELPHI,UNILESTE,13422200,,,25043386000301,03698,002,,RONNY CANDEIAS,,ADHEMAR PEREIRA DE BARROS,SP,,19345295293,535671909118,PHINIA Delphi Brasil Ltda,J,,,S,01010457,,,,1,0,PORTAO 1,1284,,0,99,99,99
000209,BRP PEAS AUTOMOTIVAS LTDA EPP,BRP,AFOGADOS,50770310,,,28013447000114,01594,,0207001,,,CINCO DE NOVEMBRO,PE,,8130382508,072498617,,J,,,S,,,,,7,0,,234B,,0,99,99,99
000210,LEMCA LAMPADAS ESPECIAIS LTDA,EXCELITE,JAGUARA,05329030,,,60089919000125,03827,002,0207001,,,CATALUNHA,SP,,1128270600,112275613115,,J,,,S,,,,,7,0,,350,,0,99,99,99
000211,FLUID SYSTEM DO BRASIL S/A,URBA - BROSOL,DISTRITO IMPERIAL,13288172,,,17460797000102,03901,002,0207001,,,RUA IRACEMA LUCAS,SP,,1938569300,714077726117,,J,,,S,03000005,,,,7,0,GALPAO C,705,,0,99,99,99
000212,LEBEL IND.DE MANG. DE FREIO E MAQ.EIRELLI EPP,NORFLEX,JARDIM DAS TULIPAS,13212790,,,25213797000136,03558,001,,EMERSON,,DOUTOR WADY BADRA,SP,,1145823623,407563500110,,J,,,S,,,,,,0,,100,,0,99,99,99
000213,FECT IMPORTADORA E DISTRIBUIDORA DE PECAS AUTOMOTI,PERFECT,MOGI DAS CRUZES,08772710,,,30422180000241,03608,,,,,AVENIDA GENERAL MOTORS,SP,,1121769000,454853539116,"28/12/19 - MURILLO: COLOCAR DADOS DA REPRESENTAO E DO SETOR FINANCEIRO DA FBRICA.
14/05/21 - KSSIA: 
REPRESENTANTE - RICARDO RANDAL 
CONTANTO  (71) - 9983-0222",J,,,S,01009447,,,,,0,GALPO 01,777,,0,99,99,99
000214,MAZI AUTOMOTIVA LTDA,MAZI AUTOMOTIVA LTDA,SO JOS,95032320,,,14009866000178,04697,002,0207001,5430228150,,BEETHOVEN,RS,,30228158,0290545790,,J,,maziautomotiva@hotmail.com,S,,,,,7,0,,2331,,0,99,99,99
000215,NAIR FERNANDES ROSARIO ME,BC CABOS,BURGO PAULISTA,03681000,,,05437287000135,03827,,0207001,VISAC,,RUA ANTONIO FORTUNADO,SP,,1120479136,116540288110,,J,,b@h.com,S,,,,,2,0,,611,,0,99,99,99
000216,AGUIRIES ELEMNTOS PLASTICOS LTDA,ABD,VILA CONCEIO,09912190,,,01184032000157,03417,002,0207001,,,RIACHUELO,SP,,1140754832,ISENTO,,J,,aguireiselementosplasticos@uol.com.br,S,,,,,7,0,,187,,0,99,99,99
000217,MAXI INDUSTRIA E COMERIO DE AUTOPECAS LTDA,MAXI INDUSTRIA,DISTRITO INDUSTRIAL JOO N,13347402,,,17085599000106,03500,010,0207001,1939362891,,UM,SP,,1939362891,353302973119,,J,,maxi@hotmail.com,S,,,,,7,0,,211,,0,99,99,99
000218,ZWF COM AUTOPEAS LTDA EPP,ZWF,CANIND,03029000,,,31472815000105,03827,002,0207001,1132240518,,CORONEL MORAIS,SP,,,119956280117,,J,,zwf@hotmail.com,S,,,,,7,0,,180,,0,99,99,99
000219,FORTEC INDUSTRIA E COMERCIO DE PEAS EIRELLI EPP,FORTEC,JARDIM LUIZ FAVERO,13445482,,,59871418000117,03435,002,0207001,1938579457,,RUA JOSE BUENO DE OLIVEIRA,SP,,1938579457,ISENTO,,J,,fortec@hotmail.com,S,,,,,,0,,491,,0,99,99,99
000220,IKARO COMPONENTES AUTOMOTIVOS LTDA,IKARO COMPONENTES AUTOMOTIVO LTDA,SO JOS,92420550,,,04773769000101,04681,002,0207001,5130523300,,LAURO MULLER,RS,,555130523300,ISENTO,"contasreceber01@ikro.com.br

IKRO",J,,ikaro@hotmail.com,S,,,,,7,0,,110,,0,99,99,99
000221,BRILHANTE ALIANA IMPORT AUTO PEAS EIRELI-EPP,YIMING PARTS,VILA MATILDE,03516000,,,14067940000102,03477,002,0207001,1120823808,,EUGENIA DE CARVALHO,SP,,1120823808,ISENTO,VENDEDOR ARTUR - ESPCIAL 25X75 - FRETE FOB,J,,brilhantealianca@hotmail.com,S,,,,,2,0,GALPAO 07,1546,,0,99,99,99
000222,BRAKEPARTS IND.COM.EXP.LTDA,MAZZICAR,CAMPESTRE,09080511,,,04911157000200,03799,002,0207001,1149911454,,AV INDUSTRIAL,SP,,1149911454,626711210116,29/11/2019 - MURILLO: MAZZICAR.,J,,brakeparts@hotmail.com,S,,,,,7,0,,2861,,0,99,99,99
000223,ZP IND E COMERCIO DE PEAS LTDA,ZAP,JARDIM SO LUS,05843270,,,28846711000109,03827,002,0207001,1155131355,,JOAO BRITO DE ARAUJO,SP,,1155131355,ISENTO,,J,,zap@htomail.com,S,,,,,7,0,,280,,0,99,99,99
000224,FILTROS BRASIL INDUSTRIA E COMERCIO LTDA,FILTROS BRASIL,JARDIM AMRICA,12902360,,,09258346000320,03312,002,0207001,1131835020,,ALBERTO DINIZ,SP,,1131835020,ISENTO,50/50,J,,filtrosbrasil@hotmail.com,S,,,,,7,0,"R. SABIA, 65 - DOCA 1",1017,,0,99,99,99
000225,BIBAS COM.INTERNACIONAL EIRELLI,CAMBUCI,CAMBUCI,01522030,,,00745346000119,03827,003,,HERMERSON,,RUA DOS PESCADORES,SP,,7188919808,114468092111,NF - 20/80  PARTE ESPECIAL BOLETO,J,,,S,,7188919808,,,6,0,,51,,0,99,99,99
000226,V8 INDUSTRIA E COMERCIO AUTOPECAS LTDA,V8 INDUSTRIA E COMERCIO AUTOPECAS LTDA,VILA GUILHERME,02066011,,,18001518000105,03827,002,0207001,1129252545,,CAPITAO LUIS RAMOS,SP,,1129252545,ISENTO,,J,,v8@hotmail.com,S,,,,,7,0,,312,,0,99,99,99
000227,HJE DISTRIBUIDORA EIRELE LTDA,JUNTALIMA,VILA ARCDIA,02910000,,,29250694000105,03827,002,0207001,,,BALSA,SP,,,118832310113,,J,,juntalima@hotmail.com,S,,,,,7,0,,813,,0,99,99,99
000228,ROLPECAS INDUSTRIA DE PRODUTOS,ROLT BRASIL ROLAMENTOS,PARQUE INDUSTRIAL,87207048,,,26112042000108,03985,002,0207001,4436318298,,RUA EZILDO BALLADELLI,PR,,4436318298,9073079214,"REPRESENTANTE: ORSECREP - FABIO FERREIRA 
FRETE: FOB
TEM PARTE ESPECIAL 
PRAZO:
DESCONTO:",J,roltdobrasil@roltdobrasil.com.,rolpecas@hotmail.com,S,,,,,2,0,,326,,0,99,99,99
000229,TONINI DISTRIBUIDORA LTDA,APEX,ITABERABA,02739000,,,11091418000178,03827,,,FELIPE,,ITABERABA,SP,,28272500,148759815115,"REPRESENTACAO: NOVA BAHIA - FELIPE BONILLA 
PRAZO: 30/60/90
FRETE: FOB 
EMAIL: NOVABAHIA.REP@GMAIL.COM 
TELEFONE: 71-99231-2938 (FELIPE)",J,,,S,,,,,,0,,4516,,0,99,99,99
000230,APEX DO BRASIL LTDA,APEX,VOTUPARIM,06513010,,,52661584000140,03793,002,,,,ROSA SCARPA,SP,,1141545809,623001356110,"REPRESENTACAO: NOVA BAHIA - FELIPE BONILLA 
PRAZO: 30/60/90
FRETE: FOB 
EMAIL: NOVABAHIA.REP@GMAIL.COM 
TELEFONE: 71-99231-2938 (FELIPE)",J,,,S,01013930,,,,,0,GALPAO 2,206,,0,99,99,99
000231,ZEENE PERNAMBUCO COM.DE PECAS AUTO,ZEENE,PRAZERES,54335025,,,19421119000166,01550,,,ANDRE,,"RUA RIACHAO, 807",PE,,8137977360,055857833,,J,,,S,,,,,,0,,807,,0,99,99,99
000232,BONFIM BATERIAS LTDA,BONFIM BATERIAS LTDA,CENTRO,48903680,,,16392367000138,02042,,,,,AVENIDA SANTOS DUMONT,BA,,7436119798,28702155,,J,,,S,01000471,,,,,0,,168,,0,99,99,99
000233,ARTMOLD COMPONENTES AUTOTOM.LTDA,ARTMOLD,DIST.INDUSTRIAL III,12908535,,,03961012000170,03351,001,,TROMBINI,,AV DE PAULA PEREIRA,SP,,1140350331,225180087118,,J,,,S,,,,,,0,,66,,0,99,99,99
000234,"WDI COMERCIO, IMPORTADORA E EXPORTADORA LTDA.","WDI COMERCIO, IMPORTADORA E EXPORTADORA",PORTAO VERMELHO,06730000,,,14311163000108,03898,,,,,RUA TUPI GUARANI,SP,,1141592933,720015533119,,J,,,S,,,,,,0,,291,,0,99,99,99
000235,FRABRICA DE COMPENSADOS ULIANA EIRELI,COMPENSADOS ULIANA,CENTRO,68632000,,,22926299000142,00289,003,0207001,3726-1144,,"ROD BR 010, KM 081",PA,,37261144,151325766,,J,,uliana@hotmai.com,S,,,,,6,0,,010,,0,99,99,99
000236,B F X BORRACHAS AUTOMOTIVAS EIRELI,BORFLEX,JD.S.FRANCISCO,13617416,,,10947170000131,03566,,,,,R.GILSON MANOEL LEME DE ARRUDA,SP,,1935549810,415148980117,VENDEDOR BCR - ESPECIAL 50X50 - FRETE FOB,J,,,S,01002200,,,,,0,,370,,0,99,-1,-1
000237,LEMCA LAMPADAS ESPECIAIS LTDA,EXCELITE,CENTRO,88301425,,,60089919000206,04434,,,,,"RUA MANOEL VIEIRA GARCAO,",SC,,28270600,260103810,,J,,,S,,,,,,0,,077,,0,99,99,99
000238,WORK MEDICINA DO TRABALHO,,CENTRO,56304060,,,20809123000185,01588,010,,WORK,,RUA JOAQUIM NABUCO,PE,,8730350993,,,J,,,S,,87988381026,9625837,,1,0,SENTIDO VALEIRO PEREIRA/ PRAA DO COLISEU,26,,0,99,99,99
000239,REGELUB LUBRIFICANTES - EIRELI,GT OIL,PARQUE DAS RODOVIAS,12605530,,,01084176000131,03571,003,0207001,012 3152-2623,,PRESIDENTE DUTRA,SP,,,ISENTO,,J,,gt@hotmail.com,S,,,,,6,0,,123,,0,99,99,99
000240,VALEO SISTEMAS AUTOMOTIVOS LTDA,FTE,COOPERATIVA,09852070,,,57010662000836,03809,002,0207001,,,SADAE TAKAGI,SP,,,ISENTO,,J,,valeo@hotmail.com,S,01016059,,,,7,0,,2000,,0,99,99,99
000241,CENTROFLEX INDUSTRIA COMERCIO,CONTROFLEX,JARDIM PRESIDENTE DUTRA,07171000,,,72013188000113,03477,002,0207001,01124325355,,BELA VISTA DO PARAISO,SP,,01124325355,336425802113,,J,,centroflex@hotmail.com,S,,,,,6,0,,179,,0,99,99,99
000242,CORTILIMA IND E COM DE AUTO PEAS LTDA EPP,JUNTALIMA,VILA ARCDIA,02910120,,,02164365000187,03827,002,0207003,1139761362,,GAETANO PASQUALE SERRICHIO,SP,,1139761362,ISENTO,luciabi.auto@gmail.com,J,,cortiris@hotmail.com,S,01015173,,,,2,0,,290,,0,99,99,99
000243,DANCAR DISTRIBUIDORA DE AUTOPEAS LTDA,DANCAR DISTRIBUIDORA,JARDIM ORIENTAL,04349020,,,06080342000145,03827,002,0207001,1150127306,,DAS CANJERANAS,SP,,1150127306,116761178118,,J,,dancar@hotmail.com,S,,,,,7,0,.,645,,0,99,99,99
000244,MGFREIOS IND E COMERCIO,MG FREIOS,CAJURU,14240000,,,09285254000178,03371,002,0207001,1636674001,,BENEDITO INACIO BARBOSA,SP,,1636674001,243077239118,,J,,mg@hotmail.com,S,,,,,6,0,,30,,0,99,99,99
000245,UNIFAP INDUSTRIA E COMERCIO DE AUTO PECAS LTDA,UNIFAP INDUSTRIA E COMERCIO DE AUTO PECA,BARRACAO,89113334,,,85325058000168,04404,,,,,RUA JOAO BARBIERI,SC,,4733328383,252479645,VENDEDOR SERVO - NAO TEM ESPECIAL - FRETE FOB,J,,,S,,,,,,0,,605,,0,99,99,99
000246,RKG AUTOMOTIVA EIRELI,RIKKO PARTS,STIO MORRO GRANDE,02809000,,,01356623000164,03652,002,0207001,1135717874,,JOAQUIM RIBEIRO,SP,,1135717874,ISENTO,,J,,rikko@hotmail.com,S,01012063,,,,6,0,,255,,0,99,99,99
000247,HI TECH INDUSTRIA E COMERCIO LTDA,HI TECH INDUSTRIA E COMERCIO LTDA,TABOAO,08772011,,,74241019000166,03608,002,0207001,1127035930,,ESTRADA MUNICIPAL YONEJI NAKAMURA,SP,,1127035930,ISENTO,,J,,hitech@hotmail.com,S,,,,,7,0,,808,,0,99,99,99
000248,TARANTO COMERCIAL IMPORTADORA E EXPORTADORA LTDA,TARANTO,JARDIM SANTO ELIAS,05136040,,,02156423000120,03827,002,0207001,(11) 3901-9090,,JAIR AFONSO INACIO,SP,,1139019090,ISENTO,"HERMERSON REPRESENTACOES 
FRETE CIF 
PRAZO 21 DIAS COM O PRECO DE A VISTA",J,,taranto@hotmail.com,S,,,,,7,0,,820,,0,99,99,99
000249,3-RHO INTERRUPTORES AUTOMOTIVOS LTDA,3RHO INTERRUPTORES,BATEAS,88355202,,,62848577000105,04356,002,0207001,4732514848,,IVO SILVEIRA,SC,,4732514848,ISENTO,VENDEDOR - CARDOSO - NAO TEM ESPECIAL- FRETE CIF,J,,3rho@hotmail.com,S,,,,,7,0,,5520,,0,99,99,99
000250,LNG IMP EXP DE AUTOPEAS,LNG AUTOMOTIVE PARTS,PINHAL,13315000,,,04949853000125,03360,003,0207001,1145291444,,AVENIDA ANTONIO ORTEGA,SP,,1145291444,ISENTO,,J,,lng@hotmail.com,S,,,,,6,0,LOTE 3 SETOR K,3450,,0,99,99,99
000251,RDX INDUSTRIA EIRELI,RDX INDUSTRIA EIRELI,CENTRO,58306130,,,34242382000181,01265,,,,,R MANOEL FRANCISCO VENANCIO,PB,,11947799254,163452717,,J,,,S,,,,,,0,ANEXO C,621,,0,99,99,99
000252,GRAZZIMETAL IND E COM DE AUT,GRAZZIMETAL,JARDIM NOVO PORTUGAL,07160520,,,66539370000100,03477,003,0207001,01133829255,,DA CERAMICA,SP,,01133829255,ISENTO,,J,,grazzimetal@hotmail.com,S,,,,,6,0,,69,,0,99,99,99
000253,SK AUTOMOTIVE S/A- DIST.DE AUTO PEA,,PORTO SECO PIRAJA,41233015,,,08237002001425,02160,,,,,R.ANTONIO ANDRADE,BA,,,74634810,,J,,,S,,,,,4,0,,171,,0,99,99,99
000254,UNIMED VALE SAO FRANCISCO,UNIMED,CENTRO,56302000,,,,02041,,,UNIMED,,RUA DO COLISEU,BA,,8738667900,,,F,,,S,,,,,,0,,123,,0,99,99,99
000255,UNIMED VALE DO SAO FRANCISCO,UNIMD,CENTRO,56302000,,,40853020000120,02042,,,UNIMED,,RUA DO COLISEU,BA,,8738667900,ISENTO,,J,,,S,,,,,6,0,CENTRO,123,,0,99,99,99
000256,DULUB LUBRIFICANTES LTDA-BA,DULUB,SANTA MONICA,44078015,,,04382181000380,01955,002,0207001,7530229930,,AVENIDA EDUARDO FROES DA MOTA,BA,,7530229930,ISENTO,,J,,dulub@hotmail.com,S,,,,,7,0,,2987,,0,99,99,99
000257,METALURGICA BUTTNER LTDA,BUTTNER,VILA DAS BELEZAS,05840030,,,54808209000105,03827,002,0207001,1123087496,,BERNARDINO ESTAZIONE,SP,,1123087496,ISENTO,,J,,buttner@hotmail.com,S,,,,,7,0,,233,,0,99,99,99
000258,DIVERSOS,DIVERSOS,ALTO FDO CRUZEIRO,,,,13731180000123,02042,,,,,JUAZEIRO,BA,,,00556077,,J,,,S,,,,,6,0,,1234,,0,99,99,99
000259,GRANDE BAHIA AUT.DO NORD. LTDA,GRANDE BAHIA,PARALELA PERNAMBUS,41130530,,,04798469000179,02160,003,,(71)3206-4000,,AV.LUIZ VIANA FILHO N400,BA,,7132064000,56580718,JOILTON(71)91228288-VENDEDOR,J,,,S,,,56.580.718NO,,7,0,A LJ,400,,0,99,99,99
000260,TITAN-PARTES DISTRIBUIDORA DE PEAS,TITAN,SAT. CUMBICA,07222140,,,07482449000182,03477,003,,(11)2488-3129,,AV. SO MATEUS DO MARANHO N85,SP,,1134816310,,,J,,,S,,,ISENTO,,7,0,,85,,0,99,99,99
000261,COMERCIAL AUTUBOR PEAS LTDA,AUTOBOR,PQ.MONT.SOARES,02738110,,,05769296000123,03827,003,,(11)3931-0300,,"RUA MAURO MALDONADO ,335",SP,,1139314879,,,J,,,S,,1139314305,116.630.091.110,,7,0,,335,,0,99,99,99
000262,CENTERPARTS DIST. DE AUTO PARTES LTDA,CENTERPARTS,VILA FRANCA,05093000,,,61834834000197,03827,003,,(11)3305-2000,,RUA FORTUNATO FERRAZ N450,SP,,1133052000,112530696116,08008804311    boletos@centerparts.com.br,J,,boletos@centerparts.com.br,S,,,,,7,0,,450,,0,99,99,99
000263,NEW KAR DIST. DE PEAS LTDA,NEW KAR,JABOAO DA SERRA,06785290,,,65773814000104,05585,003,,(11)4138-8121,,"RUA FRANCISCO D'AMICO, 115",SP,,,06785-290,WWW.VENDAS@NEWKAR.COM.BR,J,,www.vendas@newkar.com.br,S,,,,,7,0,,115,,0,99,99,99
000264,PRIMEIRA LINHA ACESS. P/ AUTO LTDA,1 LINHA,RECREIOESTORIL,12944130,,,05072347000163,03312,002,,(11)4402-3174,,"RUA MARECHAL RONDON , 97",SP,,,190.158.338.119,,J,,,S,,,,,7,0,,97,,0,99,99,99
000265,FW DISTRIBUIDORA LTDA,FURACAO,JD. DO LAGO II,13051110,,,08897417000291,03827,003,,(19)2101-3088,,"RUA ALTINO ARANTES, 1250",SP,,7135554900,244753530118,,J,,,S,,,,,7,0,,1250,,0,99,99,99
000266,FRISART IND. E COM. DE ACES. P/AUT,FRISART,VILA MANGALOT,05163080,,,02137640000173,03827,002,,(11)3901-3974,,RUA MANUEL PINHEIRO 365/307,SP,,1139013974,114.914.845.112,,J,,,S,,,,,,0,,365/307,,0,99,99,99
000267,COBRA ROLAMENTOS E AUTOPECAS LTDA,COBRA,GRANJAS RURAIS,,,,58248352000817,02160,003,,(71)3496-3333,,RUA DR. ALTINO TEIXEIRA N1042,BA,,,49894952-NO,0800713333,J,,,S,,,,,,0,,1042,,0,99,99,99
000268,PLATINUM LTDA,PLATINUM L,PORTO SECO,41233010,,,60606886001972,02160,003,,(71)2201-4100,,RUA DR ALTINO TEXEIRA,BA,,1136654000,63.154.760,QUEIROZ E PAULO,J,,,S,,,,,,0,,830B,,0,99,99,99
000269,O.V.D IMPORT. E DIST. LTDA,O.V.D IMPORT,CIS-CENTRO IND. SUBU,44079002,,,76635689001245,01955,003,,(41)3316-2500,,"AV.DEP.LUIS E MAGALHAES, BR324",BA,,,74269844,O.V.D. IMPORTADORA E DISTRIBUIDORA LTDA,J,,,S,,,,,7,0,,BR324,,0,99,99,99
000270,SOUZA RAMOS COM. E IMP. LTDA,SOUZA RAMOS,PENHA,03704000,,,61585790000109,03827,003,,(11)6643-8000,,AV. CONDESSA ELIZABET ROBIANO,SP,,1166413300,109.180.378.113,0800-7710113,J,,,S,,,,,,0,,125,,0,99,99,99
000271,MUNDIAL COM. DE AUTO PEAS LTDA,MUNDIAL AUTO PEAS,ENGENHO VELHO DE BRO,40240090,,,06134374000186,02160,003,,(71)3332-5039,,AV. VASCO DA GAMA.856,BA,,,63.378.566ME,,J,,,S,,,,,7,0,,856,,0,99,99,99
000272,BARROS- B.A.P AUTOMOTIVA LTDA,BARROS,B.SAUDE,13800478,,,52780376000160,03610,003,,(19)3805-7200,,RUA LAURA AUBANI DE BARROS 157,SP,,1938622758,456.001.594.119,,J,,,S,,,,,7,0,,157,,1,99,99,99
000273,CENTROESTE IND.E COM.DE PEAS AUTOM,CENTROESTE,DIST INDUSTRIAL III,17280000,,,08877317000112,03678,003,,(14)3283-8707,,AV.DR. RAUK DAVID PIMENTEL 11,SP,,,515.089.363.116,,J,,,S,,,,,7,0,,11,,0,99,99,99
000274,LIDER COM. DE LUBRICANTES LTDA,LIDER,GALPO 14 LOT D. AVE,41315000,,,07156323000541,02160,003,,(71)2106-3400,,RUA DOS FRANCISCANOS S/N,BA,,,69.412.910,ATENDIMENTO @LIDERLUBRIFICANTES.COM.BR,J,,atendimento @liderlubrificantes.com.br,S,,,,,7,0,,14,,0,99,99,99
000275,DECAR AUTO PEAS LTDA,DECAR,BARRA FUNDA,01140120,,,61075925000196,03827,003,,(11)2101-0330,,"RUA JOSE SZAKALL, 227",SP,,1121010300,102.147.091.112,(11)21010316-FINANCEIRO,J,,www.decar.com.br,S,,1121010316,,,,0,,277,,0,99,99,99
000276,IND. MARILIA DE AUTO PEAS S.A,MARILIA,MACEDO,07112100,,,49035678000137,03477,002,,(11)6468-8477,,"RUA JOSE CAMPANELA, 27",SP,,,336.009.214.110,,J,,,S,,,,,6,0,,27,,0,99,99,99
000277,DRIVEWAY- CAMPONENTES DE SUSP. E DI,DRIVEWAY-,"AV SANTA EMILIA N35, KM 12,5",04183000,,,61270369000109,03827,002,,(11)6331-6546,,DRIVEWAY- CAMPONENTES DE SUSP. E DI,SP,,,110.440.964.112,,J,,,S,,,,,6,0,,35,,0,99,99,99
000278,DISMEC-DISTRIBUIDOR DE PEAS LTDA,DISMEC,CENTRO,44020015,,,10443284000144,01955,003,,(75)3603-2300,,"RUA CATU, 77",BA,,,78782920,,J,,,S,,,,,7,0,,77,,0,99,99,99
000279,CAMBUCI DIST. DE AUTO PEAS LTDA,,CAMBUCI,,,,03418663000119,03827,,,(11)3345-4545,,"RUA SILVEIRA DA MOTA ,551/581",SP,,1132092029,115.591.214.118,margarethe.financeiro@cambuciacessorios.com.br,J,,margarethe.financeiro@cambuciacessorios.com.br,S,,,,,7,0,,551/581,,0,99,99,99
000280,REYPARTS- REP. E COM. DE PEAS LTDA,REYPARTS,CIDADE DUTRA,04801010,,,00025094000153,03827,003,,(11)5662-7020,,"AV SENADOR TEOTNIO VIELLA, 3481",SP,,,112.572.060.110,,J,,,S,,,,,,0,,3481,,0,99,99,99
000281,NOVA OMEGA SENSORES AUTO.LTDA EPP,OMEGA,QUARTA PARADA,03175050,,,09516462000130,03827,003,,(11)2127-1000,,"RUA TEREZA,103",SP,,,149.361.833.110,"0800559339---(NOVA OMEGA INDUSTRIA, COMERCIO;IMPORTAAO E EXPORTACAO DE AUTO PEAS LTDA",J,,,S,,,,,2,0,,103,,0,99,99,99
000282,MULT ENGATES - ANA CAROLINA HARDT E,MULT ENGATES,MOOCA,03169010,,,05599079000132,03827,003,,(11)2695-4944,,"RUA CASSANDOCA ,557",SP,,1126954944,116.669.839.114,,J,,,S,,,,,1,0,,557,,0,99,99,99
000283,G S OLIVEIRA E OLIVEIRA LTDA,G S,CENTRO,86010906,,,16314513000107,04100,003,,(43)9984-8755,,"RUA PIAU ,191 SALA 10",PR,,,ISENTO,NEW SCENT COMERCIO DE AROM.LTDA,J,,gama_331@hotmail.com,S,,,,,7,0,,10,,0,99,99,99
000284,RESIPEAS INDUSTRIA E COMERCIO,RESIPEAS,COLONIA DOM PEDRO,83608355,,,02678445000150,03968,003,,(41)3649-8800,,"RUA VICENTE NALEPA, 310B",PR,,4136498800,9017052400,RESIPEAS  INDUSTRIA E COMERCIO DE AUTO PEAS LTDA,J,,,S,,,,,6,0,B,310,,0,99,99,99
000285,UNIMAX DISTRIBUIDORA LTDA,UNIMAX,VALRIA,41310600,,,03627237000195,02160,003,,(71)3291-7027,,"RODOVIA BR324-KM15,4- GALPAO A",BA,,7132917011,52.628.287-NO,,J,,,S,,,,,7,0,,A,,0,99,99,99
000286,METALLICO IND COM PEAS AUTOMOTIVAS,ACERO IND COM PEAS AUTOMOTIVAS,JOAPIRANGA,13278530,,,26603095000121,03894,002,,(19)3829-4804,,"ALAMEDA ITAJUBA, 1780",SP,,1938294804,708128137115,,J,,,S,,,,,6,0,,1780,,0,99,99,99
000287,UNIVERSAL AUTOMOTIVE SYSTEMS S/A,VENDA DE MERC TERC,JARDIM PLATINA,06278000,,,07395207000151,03652,002,,(11)2248-7777,,"VIA ANHANGUERA KM 16,3 SUL",SP,,11224876820,492567256115,,J,,,S,,,,,,0,"KM 16,3",16,,0,99,99,99
000288,AUTOMIX ACABAMENTO E ACES. AUTO. LTA,AUTOMIX,VILA PRESIDENTE,03076000,,,07220760000153,03827,003,,(11)3478-0050,,"AV.SALIM FARAH MALUF, 283 RUA SANCH",SP,,,117.008.613.112,AUTOMIX ACABAMENTO E ACESSORIOS AUTOMOTIVOS LTDA,J,,,S,,,,,7,0,,283,,0,99,99,99
000289,HT COMPONENTES AUTOMOTIVOS LTDA,HT,SAO JOAO CLMACO,04256050,,,72863434000126,03827,002,,(11)6969-8344,,"RUA LEANDRO DE SOUZA, 150",SP,,,,,J,,,S,,,,,7,0,,150,,0,99,99,99
000290,VETTORE & BRAGA DIST.DE AUTO PEAS,V&B,CASA VERDE,02517000,,,05307052000129,03827,003,,(11)3855-1090,,"RUA RELIQUIA ,88",SP,,1138655559,116.480.461.118,,J,,,S,01014476,11385795060,,,6,0,,88,,0,99,99,99
000291,CHG AUTOMOTIVA LTDA,CHG AUTOMOTIVA,CAMPINAS,13012970,,,55176358000161,03373,003,,(19)3729-6500,,EST VELHA DE INDAIAT NR. FAZEN.7 QE,SP,,1937296530,244258645117,,J,,,S,,,,,,0,CP 165,7,,0,99,99,99
000292,DHELFOS IND. E COM. DE ACES.LTDA-EPP,DHELFOS,QUINTA DA BOA VISTA,08597620,,,05747933000160,03529,003,,(11)4645-0808,,"RUA FLOR DE LIZ, 1000",SP,,,379.152.570.114,DHELFOS IND.E COMERCIO DE ACESSORIOS LTDA.EPP,J,,,S,,,,,2,0,,1000,,0,99,99,99
000293,BUTUEM IND AUTO PEAS LTDA,BUTUEM,SAO PAULO,02465000,,,61387411000176,03827,002,,(11)2236-0770,,"AVENIDA IMIRIM, 81",SP,,1122360790,102550027118,,J,,,S,,,,,7,0,,81,,0,99,99,99
000294,RCD COMERCIO E DISTRIBUIDORA LTDA,RCD AEROSTAR,DISTRITO INDUSTRIAL,18540000,,,39011929000313,03718,002,,(15)3262-7180,,"AV. DAS MONOES,544",SP,,1532627132,554024161110,15-9755-5579 (GERENTE - FERNANDO),J,,,S,,,,,,0,,544,,0,99,99,99
000295,ROSELI FIALHO DE LANA EMERECH-ME,,PARQUE INDUSTRIAL,16075255,,,06923325000122,03296,003,,(18)3609-1108,,"RUA HUMBERTO BERGAMASCHI, 1806",SP,,1836084070,177.229.893.118,,J,,,S,,,,,,0,,1806,,0,99,99,99
000296,SOFAPE S/A,SOFAPE,CUMBICA,07183904,,,04155026000160,03477,010,,0800-7705830,,"ROD. PRESIDENTE DUTRA KM213,8 213",SP,,,7724840,"0800-7705830 os boletos sao emitidos pelo site, olhar email e 0800-126926  caderno preto",J,,,S,,,,,,0,,213,,0,99,99,99
000297,L.DUARTE & W. CAMARGO COMERCIAL,ZEENE,VILA GUSTAVO,02258000,,,97528526000180,03827,002,,(11)4652-3200,,"AV. JULIO BUONO, 3121",SP,,,146257877118,,J,,,S,,,,,6,0,,3121,,0,99,99,99
000298,APPLYCAR COMERCIO E DISTRIBUIDORA,ZEENE,PARQUE TERRA NOVA,09820550,,,12606105000178,03309,002,,11 4652 3231,,"R DOS CAJUEIROS,",SP,,1123566833,635363596110,NF-30/70 especail (parte especial envio de cheques),J,,,S,,,,,,0,SALA 810 BLOCO B EDIF JM 600 OFFICE MALL,12,,0,99,99,99
000299,CAFIL IND. E COM.DE AUTO PEAS LTDA,CAFIL,VILA SAO JOSE,09581190,,,62860010000154,03810,002,,(11)4232-5355,,"RUA PANDIA CALOGERAS ,97",SP,,,636080997115,,J,,,S,,,,,7,0,,97,,0,99,99,99
000300,UEDA AUTO PARTS LTDA.,UEDA,VILA CONCEIO,09991000,,,10804365000122,03417,002,,(11)4043-3303,,"AVENIDA DOM PEDRO I, 1202",SP,,,ISENTO,http://www.ueda.com.br,J,,ueda@ueda.com.br,S,,,,,7,0,,1202,,0,99,99,99
000301,AUTOMAXX INDUSTRIA DE AUTO PARTS LTDA,AUTOMAX,RODOVIARIO,74430180,,,21780757000115,05409,002,,(62)3597-5641,,"AV DOM EMANUEL,",GO,,,106228277,,J,,,S,,,,,7,0,,297,,0,99,-1,-1
000302,SOBELY COMERCIO DE PEAS E ACESSOR PARA AUTO LTDA,SOBELY,PQ. DOS CARMARGOS,6436000,,,08964563000101,03329,002,,(11)4326-1269,,AV. ZELIA N695,SP,,,ISENTO,SOBELY COMERCIO DE PEAS ACESSORIOS PARA AUTO LTDA,J,,,S,,,,,,0,,695,,0,99,99,99
000303,DISK BOR COMERCIO DE BORRACHAS LTDA,DISK BOR,VILA ESPANHOLA,02566000,,,61264396000179,03827,002,,(11)2239-7955,,"RUA ANTONIO PINTO VIEIRA,348",SP,,1122569900,112486720114,TEM ESPECIAL,J,,,S,,,,,,0,,348,,0,99,99,99
000304,ISAPA IMP.E COMERCIO LTDA,ISAPA,JARDIM LIMOEIRO,29164153,,,61327045000593,03164,002,,(11)2823-6500,,FRANCISCO SOUZA DOS SANTOS-320,ES,,2732034963,14805204/000104,"AUTOPECAS@ISAPA.COM.BR  jusselio.moura@hotmail.com  71-8265-9434
0800-702-2575  / 0800-702-0801(BOLETOS) ramal 6314(11-28236500)",J,,,S,,,,,,0,,320,,0,99,99,99
000305,SHANA INDUSTRIA E COMERCIO DE AUTO,SHANA,VILA IVONE,03275040,,,52665874000161,03827,002,,(11)2916-5122,,TUPIXAS,SP,,1129115580,ISENTO,,J,,,S,,,,,,0,,154,,0,99,99,99
000306,RIO PARDO COM.E DISTRIB.LTDA,RIO,ALTO DO MANDAQUI,02420010,,,02772351000146,03827,002,,(11)2232-8080,,RUA PONTA GROSSA 279,SP,,1122328080,115234110119,,J,,,S,,,,,7,0,,279,,0,99,99,99
000307,RUFATO IMP. E DISTR PCS E ACESS LTDA,RUFATO,VILA CALIFORNIA,03216050,,,04089533000142,03809,002,,(11)2024-7800,,AV DOS ESTADOS,SP,,1120247800,116343000117,,J,,,S,,,,,7,0,,7121,,0,99,99,99
000308,CEDEP COMERCIO E INDUTRIA LTDA (BR),CEDEP,LIMOEIRO,44097324,,,14076889000286,01955,002,,(75)3602-5700,,AV. DEP LUIS EDUARDO MAGALHAES KM,BA,,7536025700,04585710,,J,,,S,,,,,7,0,,154,,0,99,99,99
000309,BOSAL DO BRASIL LTDA,BOSAL,ITUPEVA,13295000,,,56993868000194,03538,003,0207001,551144967777,,AV EMILIO CHECCHINATO,SP,,551144967777,ISENTO,,J,,bosal@hotmail.com,S,,,,,7,0,,1928,,0,99,99,99
000310,TUPA-DIST.DE LATARIAS E ACESS.LTDA,TUPA,PARQUE INDUSTRIAL,17606360,,,03303370000196,03881,002,,(14)3441-3131,,"RUA DR.LIMA ,121",SP,,,697064022117,,J,,,S,,,,,,0,,121,,0,99,99,99
000311,DEWPARTS COMERCIO DE PEAS LTDA,DEWPARTS,MOOCA,03172010,,,61438156000143,05577,002,,(11)2602-5411,,"RUA SISQUEIRA BUENO ,2200",SP,,,112.456.956.119,,J,,,S,,,,,,0,,2200,,0,99,99,99
000312,AUTO POSTAL IND.E COM.DE AUTO PEASI,AUTO,MOOCA,03111010,,,02209482000110,03827,002,,(11)2157-6196,,"RUA JOAO ANTONIO DE OLIVEIRA, 284",SP,,,116.446.227.110,AUTO POSTAL IND.E COM.DE AUTO PEAS E FERRAMENTARIA LTDA EPP,J,,autopostal@terra.com.br,S,,,,,7,0,,284,,0,99,99,99
000313,IMPACTUS DIST. DE PEASE ACESS. LTD,IMPACTUS,CHACARA N.SRA.APARE,02963000,,,11308555000111,03827,002,,(11)2366-4600,,"RUA DR ARTUR FAJARDO, 401",SP,,,148873770113,IMPACTO DIST.DE PEAS E ACESS.P/AUTO LTDA.,J,,,S,,,,,,0,,401,,0,99,99,99
000314,R.PARTES COMERCIO DE AUTO PEAS LTDA,R.PARTES,VILA CAVATON,02962100,,,11862136000127,03827,002,,(11)2339-8334,,RUA MONSENHOR JANUARIO SANDIRARD,SP,,1123398334,147156986119,,J,,,S,,,,,7,0,,254,,0,99,99,99
000315,FORTLUZ INDUSTRIA E COM.LTDA,FORTLUZ,JD COUBTRY CLUB,37701352,,,25661463000125,02846,002,,(35)3714-1312,,RUA SENADOR SALGADO FILHO 720,MG,,3537141312,5186013070070,,J,,,S,,,,,7,0,,720,,0,99,99,99
000316,RONA REVESTIMENTOS LTDA,RONA,PORTO ALEGRE,13360000,,,05983490000107,03384,002,,(19)3491-3446,,RUA OADI FADEL 19 FUNDOS,SP,,,253016038115,,J,,,S,,,,,7,0,,19,,0,99,99,99
000317,METALSYSTEM DIST DEAUTO PEAS LTDA,METALSYSTEM,JACANA,02275000,,,62636105000199,03827,002,,(11)2982-8455,,RUA CALANDRA N500,SP,,,112654758119,,J,,,S,,,,,,0,,500,,0,99,99,99
000318,MASTER DISTRIBUIDORA DE PEAS -EIRELI,MASTER,PERQUE OESTE INDUSTR,74375150,,,04694205000175,05409,002,,(62)4008-0320,,ALAMEDA CAMARA FILHO 794,GO,,,103438750,,J,,,S,,,,,6,0,,794,,0,99,99,99
000319,NILGRID INDUSTRIA E COMERCIO DE AUTOPECAS E ACESSO,BLAWER,JARDIM ORLANDINA,09632000,,,22629670000104,03809,002,,(11)4368-1563,,RUA IDA LEONI CLETO,SP,,,635347225119,,J,,,S,,,,,,0,,158,,0,99,99,99
000320,LS.IND.COM.AUTO PEAS LTDA,LS,LAUZANE PAULISTA,02460030,,,62562798000112,03827,002,,(11)4819-9559,,"RUA AUGUSTO ROCHA , 89",SP,,1122367906,112655285110,,J,,,S,,,,,,0,,89,,0,99,-1,-1
000321,OLIMPIA IND.E COM.DE PEAS FUNDIDAS,OLIMPIA,VILA WASHINGTON,35680566,,,06375958000143,02624,002,,(37)3241-2985,,"RUA ASSUCENA ,225",MG,,,338306760022,,J,,,S,,,,,,0,,225,,0,99,99,99
000322,2AR INDUSTRIA E COMERCIO EIRELI-ME,BORFLEX,CIDADE JARDIM,13614330,,,14952130000139,03566,002,,(19)3573-6363,,"RUA BIAZZO VICENTAL, 478",SP,,35552585,415.069.681.117,,J,,,S,,,,,1,0,.459,478,,0,99,99,99
000323,ZATT E CIA LTDA,ZATT,COSTA E SILVA,89219158,,,85388247000341,04445,002,,(47)3463-5656,,"RUA RUI BARBOSA , 590",SC,,,254893384,,J,,,S,,,,,,0,,590,,0,99,99,99
000324,UNIVERSAL AUTOMOTIVE SYSTEMS S/A,UNIVERSAL,2759-BLOCO A4,74445190,,,11435058000184,05333,002,,(62)3621-0707,,AVENIDA PERIMETRAL NORTE,GO,,006236210707,104619473,,J,,,S,,,,,,0,GALPAO 03,2759,,0,99,99,99
000325,ORI TRUCK INDUSTRIA E COMERCIO DE A,ORI TRUCK,ERM. MATARAZO,03813050,,,05129842000161,03827,002,,(11)2542-5110,,"RUA PASCOAL RIZZO, 25",SP,,1125460671,116416851112,,J,,,S,,,,,6,0,,25,,0,99,99,99
000326,PELLEGRINO DIST. DE PECAS DE AUTO PEAS,SAMA,PORTO SECO,41233010,,,42580092002624,02160,002,,(71)2102-3230,,RUA DR ALTINO TEIXEIRA,BA,,7121020900,41233-010,,J,,,S,,,,,,0,,29,,0,99,99,99
000327,GATES DO BRASIL IND.COM.LTDA,GATES,JRADIM SANTA MARIA,12328320,,,61083804001400,03542,002,,(12)3954-7750,,AV.SANTA MARIA,SP,,1239547750,392022462111,"Descontos Aplicados: 28 + 2,5 + 2,31 + 13,1343 

FRETE CIF 
Randal Representaes
Rua Pelicano n 177, sala 01, Lauro de Freitas/BA - (71)
99918-3100 / (71) 3359-0222
comercial@randalrep.com.br",J,,,S,,,,,7,0,,600,,0,99,99,99
000328,ORI INDUSTRIA DE AUTO PECAS LTDA,ORI,ERM MATARAZZO,03810030,,,71646509000154,03827,002,,(11)2542-5110,,RUA REVERENDO IZAC SILVEIRO 365,SP,,1125425110,113638765112,,J,,,S,,,,,7,0,,03810-030,,0,99,99,99
000329,RETROVEX IND.COM.ARTEF.PLAST.EIRELI,RETROVEX,JARDIM ROSA HELENA,12350000,,,11806646000187,03827,002,,(11)2018-2828,,RUA ETELVINA FERREIRA DE SOUZA,SP,,1120182828,350059776118,,J,,,S,01014766,,,,6,0,,245,,0,99,99,99
000330,PRADOLUX INDUSTRIA E COMERCIO LTDA,PRADOLUX,PARQ IND.PONTE PRETA,37701386,,,18925438000146,02846,002,,(35)3729-6363,,AV.JOAO PINHEIRO,MG,,3537296363,5181895120025,,J,,,S,01001916,,,,7,0,,2200,,0,99,99,99
000331,UNIVEL AUTOMOTIVE LTDA,UNIVEL,JARDIM BARONESA,06273072,,,66550054000210,03652,002,,(11)2248-7777,,"RUA JOAO FURLAN, 131 GALPAO C",SP,,1122487682,492559810113,,J,,,S,,,,,7,0,GALPAO C,C,,0,99,99,99
000332,ENGATCAR INDUSTRIA DE AUTO PEAS,ENGATCAR,BELA VISTA,95076085,,,91215046000183,04697,002,,(54)3535-1771,,"RUA THEODORO BIANCHI ,337",RS,,,0290146712,,J,,,S,,,,,6,0,,337,,0,99,99,99
000333,JCV IND. E COMERCIO DE PLASTICOS,JCV LANTERNAS,PARQUE DAS INDL. OLI,06765350,,,00333266000156,03853,002,,(11)4787-6001,,R RAFAEL DE MARCO 96,SP,,1147876001,675061795117,,J,,,S,,,,,6,0,,96,,0,99,99,99
000334,DSC AUTOPECAS LTDA,DSC,CASA VERDE ALTA,02545090,,,69347763000100,03827,002,,(11)4878-1798,,RUA PEDRO JUAN CABALLERO,SP,,1148781798,113748960110,,J,,,S,,,,,,0,,143/153,,0,99,99,99
000335,AFA PLASTICOS EIRELI,AFA,OSWALDO CRUZ,09510902,,,61578183000545,03810,002,,(11)4221-4466,,RUA RIO GRANDE DO SUL,SP,,,636053261119,,J,,,S,,,,,6,0,,1292,,0,99,99,99
000336,AUTIMPEX COMERCIAL EIRELI,AUTIMPEX,CIVIT 2,29168065,,,06229573000259,03164,002,,(27)3218-2826,,RUA 6 E N134,ES,,1143280006,082710856,,J,,,S,,,,,6,0,,134,,0,99,99,99
000337,PAULO ROGERIO FERNANDES ROSARIO-EPP,BC CABOS,BC CABOS,03681000,,,04407096000168,03827,002,,(11)2017-7449,,AV. ANTONIO FORTUNATO N611,SP,,,116126418110,,J,,,S,,,,,,0,,611,,0,99,99,99
000338,C.S.P DISTRIBUIDORA DE PECAS AUTOMO,ROLTENS,CENTRO,86990000,,,27811072000175,04114,002,,(44)3015-3009,,AV.CRISTOVAO COLOMBO,PR,,4430153009,9075095837,,J,,,S,,,,,6,0,PROX. PARQUE DA UVA,435,,0,99,99,99
000339,INDUSTRIAS ARTEB S/A,ARTEB,VILA OLGA,09891903,,,62291380000118,03809,002,,,,AV PIRAPORINHA,SP,,,ISENTO,,J,,,S,,,,,6,0,,1221,,0,99,99,99
000340,DF AUTOMOTIVE IND E COM DE. PEAS EIRELI EPP,DF AUTOMOTIVE,JARDIM WERNER PLAAS,13478732,,,10924244000114,03283,002,0207001,,,DO FUNILEIRO,SP,,,ISENTO,,J,,df@hotmail.com,S,,,,,2,0,,153,,0,99,99,99
000341,BERVO COMERCIAL IMP.E EXP.LTDA,BERVO,SERRARIA BRASIL,44003084,,,28572526000165,01955,002,,,,RUA CAXAMBU .,BA,,,143136129,,J,,,S,,,,,,0,,30,,0,99,99,99
000342,PEDRO C R BORGES,PEDRO,OLARIA,28623400,,,29534709000159,03221,002,,,,R VICENTE SOBRINHO,RJ,,,11062750,,J,,,S,,,,,,0,,82,,0,99,99,99
000343,AUTOFORT NORDESTE EIRELI,AUTOFORT,VILA UNIAO,60410691,,,04957571000170,00947,002,,(85)4012-1313,,AV LUCIANO CARNEIRO,CE,,,066636671,,J,,,S,,,,,6,0,,1605,,0,99,99,99
000344,SANTA FAUSTINA INDUSTRIA METALUGICA,SANTA FAUSTINA,VILA BRAZ,75175000,,,07010707000128,05545,003,,(62)3207-1415,,R ANTONIO VIANA QD 1A LTS,GO,,6232071415,103802657,,J,,,S,,,,,6,0,QD 1A LTS 07 A 12 E 15 A 20,1A,,0,99,99,99
000345,TORPA INDUSTRIA COMERCIO,TORPA,STA GENOVEVA,74672200,,,00912527000192,05409,002,,(62)3207-1415,,RUA CAPISTABOS,GO,,6232071415,101728719,,J,,,S,,,,,6,0,,1928,,0,99,99,99
000346,INDUTEC INDUSTRIA DE AUTO PARTS,INDUTEC,JARDIM NOAVA ABADIA,75345000,,,26909777000167,05315,002,,(62)3503-1177,,R-NA 14 QUADRA APM LOTE 02 SLA 02,GO,,,106842595,,J,,,S,,,,,6,0,,2,,0,99,99,99
000347,BR LIGHT IND.EXP LTDA.,GE LAMPADAS,DISTRITO INDUSTRIAL,58320000,,,18190963000241,01247,003,,(11)4063-9698,,RUA MANOEL CESAR DE MELO S/N,PB,,,162674406,,J,,,S,,,,,7,0,,S/N,,0,99,99,99
000348,INTER - ROLL COMERCIAL IMPORTADORA,PFI,CAPO RASO,81110400,,,57304974000186,04003,002,,(47)3015-7077,,SANTA MNICA,PR,,,1018482130,admin-br@pfibearings.com,J,,,S,,,,,,0,,828,,0,99,99,99
000349,DELLA FINA E BONANI COMERCIO IMPORT,DF&B,REGINA ALICE,06412130,,,23017776000110,03329,002,,(11)4382-3810,,RUA CANAL DA MANCHA,SP,,1143823810,206389514111,,J,,,S,,,,,,0,TERREO,225,,0,99,99,99
000350,AUTOMOTIVE PARTS ORIGINAL EIRELI EP,AUTOMOTIVE PARTS,CENTRO,08562300,,,17103863000197,03827,002,,(11)2303-7370,,RUA POANOPOLIS,SP,,,546068084116,,J,,,S,,,,,2,0,,245,,0,99,99,99
000351,INDUSTRIA E COM.DE.AUTO PEAS REI LTDA,SUPORTE REI,SO SEBASTIAO,14240000,,,45967890000143,03371,002,,(16)3667-9400,,RODOVIA SP 338 KM 308,SP,,1636679400,243000031112,,J,,,S,,,,,7,0,,338,,0,99,99,99
000352,PERETTI AUTOMOTIVE LTDA,ELPER,BOA VISTA,89206600,,,14638507000180,04445,002,,,,RUA NORUEGA,SC,,4734450045,256575509,,J,,,S,01009790,,,,,0,B7,99,,0,99,99,99
000353,ARTUR EBERHARDT IND E COM LTA,IFCAR,CA,04744040,,,61594818000174,03827,002,,(11)5525-8910,,IFCAR,SP,,,101.313.129.115,,J,,,S,,,,,,0,,248,,0,99,99,99
000354,PLATINA IND.E COMERCIO DE AUTOPEAS,SULOY,DISTRITO INDUSTRIAL,94935820,,,13113728000171,04787,002,,(51)3074-7550,,AV.FREDERICO AUGUSTO RITTER,RS,,5130747550,ISENTO,NO TEM ESPECIAL,J,,,S,,,,,,0,SALA 201,779,,0,99,99,99
000355,DAISAN PRODUTOS INDUSTRIAS LTDA,REXON,LAGEADINHO,06709015,,,05585654000148,03409,002,,,,RODOVIA RAPOSO TAVARES,SP,,1121059300,278236964113,,J,,,S,,,,,,0,KM 21 A 2 L DIR AND 1,21042,,0,99,99,99
000356,OSPINA IND DE AUTO PECAS LTDA,OSPINA,VILA LIVIERO,04185170,,,52615705000117,03827,002,,,,RUA LEONIDAS FREIRE,SP,,1123336800,109087712112,REP: SERVO REPRESENTAOES (TATIANE),J,,,S,,,,,7,0,,386,,0,99,99,99
000357,KRJ METAIS INDUSTRIA E COMERCIO LTD,KRJ,DSDSDSDSDSDSDSD,18951635,,,82536598425236,03267,002,,,,DDDDDDDSDSDSDS,SP,,,,,J,,,S,,,,,7,0,,SSD,,0,99,99,99
000358,KEY COMPANY COMERCIO INDUSTRIA IMPO,TECH ONE,OLRIA,76801308,,,16949676000166,00017,002,,(69)3214-3255,,AVENIDA CALAMA,RO,,,00000005223741,,J,,,S,,,,,,0,,1118,,0,99,99,99
000359,DISCAP INDUSTRIA E COMERCIO DE AUTO,BRUCKE,RTA,25870000,,,11956424000140,03188,002,,(24)2254-2194,,RUA REGINALDO MAIA,RJ,,,79054291,,J,,,S,,,,,,0,,600,,0,99,99,99
000360,AUTOKMAIS IMPORTACAO DE ACESSORIOS,TYC,51350-290,51350290,,,13874369000175,01594,002,,(81)3038-8300,,HELIO BRANDAO,PE,,,044627505,,J,,,S,,,,,6,0,,438,,0,99,99,99
000361,LRS INDUSTRIAL E COM. DE AUTO PECAS,LS,VILA ROMERO,02469000,,,34532918000101,03827,002,,(11)4449-4622,,RUA RAMAL DOS MENEZES,SP,,1144494622,126566439117,,J,,,S,,,,,6,0,,287,,0,99,-1,-1
000362,VIRCUS INDUSTRIA E COMERCIO DE PLASTICOS,MARVINI,JARDIM DA GLRIA,06711250,,,33421898000120,03409,001,,,,JOAO PAULO ABLAS,SP,,,278365523113,VENDEDOR JUAREZ  - ESPECIAL 50X50 -  FRETE FOB,J,,,S,01011707,,,,,0,GALPAO1,360,,0,99,99,99
000363,ISAPA IMPORTACAO E COMERCIO LTDA,ISAPA IMPORTACAO E COMERCIO LTDA,CIDADE ARACILIA,07250015,,,61327045000836,03477,,,,,RUA ROBERTO VENTUROLE,SP,,1128236500,796815489110,VENDEDOR AMOEDO - SEM ESPECIAL -FRETE CIF,J,,,S,01007595,,,,,0,GALPAO 2,553,,0,99,99,99
000364,A.C. COMERCIO IMPORTACAO E EXPORTACAO LTDA,DEVIGILI,COMASA,89228000,,,21122678000117,04326,,,,,R PREFEITO BALTAZAR BUSCHLE - SL 03,SC,,4730323306,257471170,,J,,,S,01015806,,,,,0,,941,,0,99,99,99
000365,VISUAL PRO SISTEMAS,,XXXXXXXXXXXXXXXXXXXXXXXXXXXXXX,,,,00000000000001,02042,,,,,XXXXXXXXXXXXXXXXXXXXXXXXXXXXXXXXXXX,BA,,,XXXXXXXXXXXXXX,,J,,,S,,,,,1,0,,XXXXXXXXXX,,0,99,99,99
000366,REAL MOTO PECAS LTDA,REAL MOTO PECAS LTDA,PIRAJA,41233020,,,25630302001146,02160,,,,,R ANTONIO DOS SANTOS GOUVEIA,BA,,121046600,63055653,,J,,,S,,,,,,0,,364,,0,99,99,99
000367,LUIZ CARDOSO,AROMATIZANTE REFRESH E DPLO,CENTRO,48900000,,,17982898572,02042,005,,LUIZ,,RUA 15 DE NOVEMBRO,BA,,,,,F,,,S,,74988260651,,,6,0,,68,,0,99,99,99
000368,WURTH DO BRASIL PECAS DE FIXACAO LTDA,WURTH DO BRASIL PECAS DE FIXACAO LTDA,CIS,44079002,,,43648971004495,02160,,,,,AV: DEP LUIS EDUARDO MAGALHAES,BA,,1146131900,111785557,,J,,,S,,,,,,0,KM 102 BR 324 SALA 01,SN,,0,99,99,99
000369,NOTUS SISTEMAS TERMICOS DO BRASIL LTDA,NOTUS SISTEMAS TERMICOS DO BRASIL LTDA,JOANA LEITE,13329429,,,11252446000200,03772,,,,,RUA OTTO HALTER,SP,,1142101997,600201270117,,J,,,S,,,,,,0,********,630,,0,99,99,99
000370,GLOBALPLASTIC AUTOPECAS LTDA,DTS,DISTRITO INDUSTRIAL,13213911,,,21392921000117,03558,,,,,AVENIDA ODILA CHAVES RODRIGUES,SP,,1128988891,407759200111,VENDEDOR - NAO ESPECIAL - FRETE FOB,J,,,S,,,,,,0,GALPAO 16,1277,,0,99,99,99
000371,J M CHAVES CARBURADORES - ME,MECAR,JD PLANALTO,19045373,,,07387762000131,03729,002,0207003,,,R CARLOS IGNACIO ALCENCIO,SP,,,562266899113,,J,,,S,,,,,,0,,051,,0,99,99,99
000372,AUTO PECAS PADRE CICERO LTDA,AUTO PECAS PADRE CICERO LTDA,NOVO PARQUE IRACEMA,61949210,,,07965809001845,00993,,,,,AV JOAQUIM LOPES DE ABREU,CE,,8534999083,064360512,,J,,,S,,,,,,0,,s/n,,0,99,99,99
000374,GT1 COMERCIO DE PECAS AUTOMOTIVAS EIRELI,GT1 COMERCIO DE PECAS AUTOMOTIVAS EIRELI,PORTAO,81070100,,,34161256000100,04003,,,,,R ITATIAIA,PR,,4133761717,9081986620,,J,,,S,,,,,,0,,845,,0,99,99,99
000375,LOMA PLAST DO BRASIL IMP.E EXP.E COMERCIO LTDA.,LOMA PLAST DO BRASIL IMPORTACAO E COMERC,LARANJA AZEDA,07430350,,,26082340000100,03309,003,,,,AVENIDA TOWER AUTOMOTIVE,SP,,1135265832,188068362110,VENDEDOR PABLO - ESPECIAL 50X50 - FRETE FOB,J,,,S,,,,,,0,GALPAO 01,701,,0,99,99,99
000376,JOSE LUIZ DA COSTA JUNIOR M.E.,DDA,VILA IPOJUCA,05058001,,,21518407000185,03827,,,,,"RUA PONTA PORA, 1138A",SP,,38361508,144107716119,,J,,,S,,,,,,0,,1138,,0,99,99,99
000377,ESTOPA PARA POLIMENTO,,PETROLINA,,,,09527958000100,01588,,,,,PETROLINA,PE,,,3572343-24,,J,,,S,,,,,,0,,0,,0,99,99,99
000378,PRIMO JANUARIO IMP.E EXP DE AUTO PECAS,KICTECH,JARDIM PINHEIROS,87043632,,,33888022000199,04118,002,,,,RUA CUBA,PR,,4499119733,9081704233,,J,,,S,01015129,,,,,0,SALA 03,1256,,0,99,99,99
000379,GTOIL DO BRASIL - EIRELI,GTOIL DO BRASIL - EIRELI,CECAP,12610195,,,25080233000172,03571,,,,,AVENIDA A,SP,,1231522623,420106642114,,J,,,S,,,,,,0,CONJ DISTRITO INDUSTRIAL,2016,,0,99,99,99
000380,EVERALDO A FIORENZI ME,FIORENZI,JARDIM BELA VISTA,17280000,,,02364832000112,03678,,,,,RUA SAO SEBASTIAO,SP,,1432833915,515024493110,,J,,,S,,,,,,0,LESTE,256,,0,99,99,99
000381,R NETO DO BRASIL PECAS AUTOMOTIVAS LTDA,WEGA,CORDEIROS,88311740,,,,04434,002,,47 21041152,,"RUA MARIO URIARTE,",SC,,,255572530,"Representante BA: Edilson 
Representante PE: Claudio
SEM ESPECIAL - FRETE CIF",J,,,S,,,,,7,0,,1060,,0,99,99,99
000382,SO-LOPES METALURGICA AUTOMOTIVAS LTDA - ME,SOLOPES METALURGICA AUTOMOTIVAS LTDA,JARDIM CASTANHA.,07182310,,,21220802000187,03477,,,,,RUA PEDRA LAVADA,SP,,1126845498,127054097113,,J,,,S,,,,,,0,LETRA A,139,,0,99,-1,-1
000383,PEDREX INDUSTRIA METALURGICA EIRELI,PEDREX INDUSTRIA METALURGICA EIRELI,ALTO PALMEIRAS,13301331,,,12053935000115,03537,,,,,SP 79,SP,,1140252652,387210097111,,J,,,S,,,,,,0,RODOVIA,0,,0,99,99,99
000384,LS DISTRIBUIDORA DE PRESILHAS E GRAMPOS AUTOMOTIVO,LS DISTRIBUIDORA,CENTRO,48970974,,,07945350000170,02194,003,,,,RUA SEBASTIO DE QUEIROZ,BA,,,52258765,,J,,,S,,74981089041,,,6,0,,122,,0,99,99,99
000385,JUNTALIMA IND E COM DE AUTOPEAS LTDA EPP,JUNTALIMA,MOINHI VELHO,02960000,,,72690431000138,03827,002,,1134889696,,RUA JOO CORDEIRO,SP,,1134889696,113830620116,"Desconto aplicado data -  02/03/2021 :

HESPECIAL 50% - IPI ZERO - PRAZO : 30/60/90 - DESCONTO MXIMO DE 74,18% -
O ESPECIAL 100% PARA ALGUNS ITENS
por conta do lanamento da nova loja, conseguimos para estes pedidos um prazo diferenciado de 60/75/90",J,,vendas@juntalima.com.br,S,01015174,,,,2,0,,478,,0,99,99,99
000386,PRATIKA DISTRIB DE EQUIPAMENTOS AUTOMOTIVOS EIRELI,TECHONE,CIA SUL,43700000,,,30548178000485,02201,,,,,BR 324 ACESSO II,BA,,40636336,170814372,"100% COM NOTA
REP: APARECIDA",J,,,S,,,,,,0,QUADRA2 LOTE 52 G1,178,,0,99,99,99
000387,BEZERRA & OLIV. COM. DE A. PECAS-L2,BEZERRA & OLIV. COM. DE A. PECAS-L2,CENTRO,60015061,,,07221070000461,00947,,,,,R. PRINCESA ISABEL,CE,,8540119777,069902844,,J,,,S,01011140,,,,,0,,1174,,0,99,99,99
000388,SUNS ACESSORIOS E PECAS PARA AUTOS LTDA,SUNS ACESSORIOS E PECAS PARA AUTOS LTDA,SITIO PINHEIRINHO,03210001,,,72800071000180,03827,,,,,RUA COSTA BARROS,SP,,1123183350,113805909116,,J,,,S,,,,,,0,,2300,,0,99,99,99
000389,(MA/PR) INTERNATIONAL PARTS SERVICE DO BRASIL LTDA,YOKOMITSU,BOQUEIRO,81610090,,,13180109000108,04003,,,,,R. IRMA MARIA LUCIA ROLAND,PR,,4130864388,9055350997,,J,,,S,01008972,,,,,0,,271,,0,99,-1,-1
000390,CECCARELLI INDUSTRIA DE AUTOPECAS LTDA. EPP,CECCARELLI INDUSTRIA DE AUTOPECAS LTDA.,VILA GALVAO,07074000,,,61609418000195,03477,,,,,AV. PEDRO DE SOUZA LOPES,SP,,1124214022,336371711111,,J,,,S,,,,,,0,,802,,0,99,99,99
000391,AFA PLASTICOS EIRELI,AFA PLASTICOS EIRELI,FUNDACAO,09520610,,,61578183000464,03810,,,,,RUA 28 DE JULHO,SP,,551142214466,636079330110,,J,,,S,,,,,,0,,329,,0,99,99,99
000392,MHT IND. COM. DE COMP. AUTOM. LTDA,AMPRI,VILA ENDRES,07042000,,,05974461000189,03477,,,,,AV ROTARY,SP,,1124224899,336723548119,,J,,,S,,,,,,0,,1012,,0,99,99,99
000393,EMBREPAR AUTOMOTIVA LTDA,EMBREPAR AUTOMOTIVA LTDA,PORTO SECO PIRAJA,41233010,,,08435684000409,02160,,,,,RUA DOUTOR ALTINO TEIXEIRA,BA,,7134833300,171081366,,J,,,S,,,,,,0,,235,,0,99,99,99
000394,DITA AUTOMOTIVE AUTO PEAS - EIRELI,DITA AUTOMOTIVE AUTO PEAS - EIRELI,VILA BERTIOGA,03185050,,,22722907000105,03827,,,,,RUA FLORIANOPOLIS,SP,,1138816200,144728757110,"RAFAEL 04/07/2022: 5+5+5% pra 21 dias e especial 20/80
REPRESENTANTE HERMERSON",J,,,S,01008567,,,,,0,,172,,0,99,99,99
000395,AMONTEIRO INDUSTRIA E COMERCIO DE BORRACHA,AMONTEIRO,SAO JOSE,,,,01473304000139,00987,,,,,AV. PE. CICERO,CE,,8835712814,90108436-0,,J,,,S,,,,,,0,,4311,,0,99,99,99
000396,NSG COMPONENTES AUTOMOTIVOS LTDA,GAUSS,TIMS,29161376,,,35091846000169,03164,,,,,AV. SETECENTOS,ES,,4130212300,083605240,VENDEDOR VISAC - NAO ESPECIAL - FRETE CIF,J,,,S,01011919,,,,,0,QUADRA 12 MODULOS 07,SN,,0,99,99,99
000397,"TAS COMERCIO, IMPORTACAO E EXPORTACAO DE AUTOPECAS","TAS COMERCIO, IMPORTACAO E EXPORTACAO DE",BAIRRO - BOM RETIRO,01130000,,,09414773000199,03827,,,,,RUA - ANHAIA,SP,,1138683872,148032669115,,J,,,S,,,,,,0,,1039,,0,99,99,99
000398,CBC DISTRIB ACESSORIOS EIRELI,CAMBUCI,CAMBUCI,01520010,,,24604230000128,03827,,,,,R BARAO DE JAGUARA,SP,,1130191060,140735475118,,J,,,S,,,,,,0,,836,,0,99,99,99
000400,GOOP DISTRIB AUTOMOTIVA LTDA,GOOP DISTRIB AUTOMOTIVA LTDA,VILA MARIA BAIXA,02118001,,,04919165000112,03827,,,,,R DOM LUIS FELIPE DE ORLEANS,SP,,1126341788,116322820119,,J,,,S,,,,,,0,,1122,,0,99,99,99
000401,VBM INDUSTRIA E COMECIO DE PEAS E ACESSRIOS EIRE,AVANTH,JARDIM SO JOO,08545000,,,18841050000167,03445,,,,,RUA HILDEBRANDO DA SILVEIRA,SP,,1146793812,305078376110,,J,,,S,,,,,,0,,149,,0,99,99,99
000402,IDB ATACADISTA DE MAT. CONSTRUO EIRELI,,SEDE,44330000,,,17471387000167,02183,003,,,,ROD.BA 502 SN,BA,,7530256400,106495113,,J,,,S,,,106495113,,5,0,,SN,,0,99,99,99
000403,CONTINENTAL INDCOM DE PECAS DE REPOSICAO AUTOMOTIV,ATE,INGHAI,06696000,,,07425860000205,03522,,,,,RODPRESCASTELO BRANCO KM32+3546M GLP E1ED1 TRREO,SP,,1141665069,373162129115,,J,,,S,,,,,,0,,2555,,0,99,99,99
000404,A S X AUTOMOTIVE LTDA - ME,A S X AUTOMOTIVE LTDA - ME,CENTRO,44001640,,,23113383000100,01955,,,,,RUA HONORATO BONFIM,BA,,7536039515,126834754,,J,,,S,,,,,,0,,592,,0,99,99,99
000405,BLAWER INDUSTRIA E COMERCIO EIRELI EPP,BLAWER INDUSTRIA E COMERCIO EIRELI EPP,JARDIM ORLANDINA,09632000,,,02452325000130,03809,,,,,R IDA LEONI CLETO,SP,,1143671528,635347225119,,J,,,S,,,,,,0,796,788,,0,99,99,99
000406,LOGISTICA E TRANSPORTE,,VILA NOVA BONSUCESSO,07176160,,,31079063000109,03477,009,,,,REMANSO,SP,,,,,J,,,S,,,,,1,0,,26,,0,99,99,99
000407,LUIZ AUTOPECAS COM. E REPRES. LTDA,LUIZ AUTOPECAS COM. E REPRES. LTDA,CENTRO,48904040,,,15649924000190,02042,,,,,RUA CASTRO ALVES,BA,,7436118165,010352072,,J,,,S,00000013,,,,,0,,2,,0,99,99,99
000408,SO PICK UP INDUSTRIAL AUTOMOTIVE LTDA,SO PICK UP INDUSTRIAL AUTOMOTIVE LTDA,R DESEMBARGADOR FELINTO BASTOS,44002748,,,11156808000260,01955,,,,,R DESEMBARGADOR FELINTO BASTOS,BA,,6236057812,152380470,,J,,,S,,,,,,0,SALA 104B,724,,0,99,99,99
000409,KOSTAL ELETROMECNICA LTDA.,KOSTAL ELETROMECNICA LTDA.,DISTRITO INDUSTRIAL,14140000,,,60852274000564,03410,,,,,RUA SIR WINSTON CHURCHILL,SP,,551621220022,279038109116,"RAFAEL 16.09.21: Icorauto Representaes, FRETE FOB, PRAZO DE 21 DIAS
DESC. 63+10+10+3+3+11,83%",J,,,S,,,,,,0,,1471,,0,99,99,99
000410,TRINK DIST PRODS AUTOMOTIVOS LTDA,TRINK DIST PRODS AUTOMOTIVOS LTDA,JD. ALVORADA,06612000,,,10717192000105,03548,,,,,VIA DE ACESSO JOAO DE GOES,SP,,1139345700,398115505115,,J,,,S,,,,,,0,C,1950/C,,0,99,99,99
000411,ALUMIFER ALUMINIO E FERRO LTDA,ALUMIFER,JOO XXIII,48900320,,,05515224002446,02042,003,0207002,,,LUIZ TARQUINIO,BA,,7436128707,75341058,,J,,,S,,,,,7,0,,0,,0,99,99,99
000412,CAMPEAO DO CIMENTO LTDA,CAMPEAO,CENTRO,48903680,,,14193335000188,02042,003,0207002,,,SANTOS DUMONT,BA,,7436112638,09892750,,J,,,S,,,,,7,0,,47,,0,99,99,99
000413,GERDAU ACO LONGOS SA,GERDAU,CAJUEIRO,48905350,,,07358761028250,02042,001,0207002,,,CAJUEIRO,BA,,7436123200,107836384,,J,,,S,,,,,6,0,,S/N,,0,99,99,99
000414,NORMEN IND. E COM. DE CONEXOES E MANG. EIRELI EPP,NORFLEX,ENGORDADOURO,13212790,,,01881662000180,03558,,,,,AV. DR. WADY BADRA,SP,,1145823623,407239350114,,J,,,S,,,,,,0,,96,,0,99,99,99
000415,RADQUIM PRODUTOS AUTOMOTIVOS EIRELI,RADNAQ,CIDADE INDUSTRIAL SATELITE DE,07222170,,,11145571000130,03477,,,,,RUA PREF. OLIVIER RAMOS NOGUEIRA,SP,,1124882200,336899380114,,J,,,S,,,,,,0,,575,,0,99,99,99
000416,JERONYMO DIX-NEUF PECAS E SERVICOS LTDA,JERONYMO DIX-NEUF PECAS E SERVICOS LTDA,JOAO XXIII,48900420,,,08378366000372,02042,,,,,RODOVIA LOMANTO JUNIOR BR 407 KM 04,BA,,7436117881,041068146,,J,,,S,00023017,,,,,0,,0,,0,99,99,99
000417,BARBOSA LIMA PEAS LTDA,OURO PEAS,ALTO DO CRUZEIRO,48900410,,,20750214000192,02042,008,,,,RODOVIA LOMANTO JUNIOR,BA,,7436116284,118503877,,J,,,S,00018115,,,,1,0,,1,,0,99,99,99
000418,JOAO GUILHERME SERAFIM NEVES EIRELI,COMAPA,ALTO DA MARAVILHA,48900419,,,34642424000171,02042,003,0207002,,,TRAVESSA PRESIDENTE TANCREDO NEVES,BA,,7436136706,160767790,,J,,,S,,,,,,0,,S/N,,0,99,99,99
000419,CHAVEIRO AUTOPORTAS E EQUIPADORA BAHIA,,ALTO DO CRUZEIRO,48905229,,,25373694000133,02042,010,0207003,7436113806,,AV. JOAO DURVAL CARNEIRO,BA,,,134465656,,J,,bahiaautomotivo@gmail.com,S,,,,,6,0,,04,,0,99,99,99
000420,ARCELORMITTAL BRASIL S.A.,,DISTRITO INDUSTRIAL,48909781,,,17469701013821,01863,001,,7436125070,,ROD BA 210,BA,,7436125070,102067761,,J,,,S,,,,,1,0,SETOR 10,10,,0,99,99,99
000421,MASKATE DIST DE PRODUTOS DE PAPELARIA E ARM LTDA,MASKATE DIST DE PRODUTOS DE PAPELARIA E,CENTRO,44010230,,,73693665000100,01955,,,,,AV SENHOR DOS PASSOS N 1337,BA,,7521018888,38205516,,J,,,S,,,,,,0,,*,,0,99,99,99
000422,FEK IND.COM.DE COMP.ELETRICOS EIRELI-ME,FEK IND.COM.DE COMP.ELETRICOS EIRELI-ME,DISTRITO INDUSTRIAL,15410000,,,17741336000108,03370,,,,,RUA NATALINO ALVES DE OLIVEIRA,SP,,1732813548,242009382113,,J,,,S,,,,,,0,,2041,,0,99,99,99
000423,OURO PEAS,,CENTRO,02657414,,,03522011000120,01588,008,,,,AV SETE DE SETEMBRO,PE,,8738635711,026574144,,J,,,S,00000068,,,,1,0,,209,,0,99,99,99
000424,INDUSTRIA METALURGICA PROMETEC LTDA,INDUSTRIA METALURGICA PROMETEC LTDA,INAMAR,09970310,,,32239806000123,03417,,,,,R TIGUASSU,SP,,11992629127,286524380113,,J,,,S,,,,,,0,,85,,0,99,99,99
000425,JERONYMO DIX-NEUF PECAS E SERVICOS LTDA,JERONYMO DIX-NEUF PECAS E SERVICOS LTDA,JOSE E MARIA,56320000,,,08378366000291,01588,,,,,AV.SETE DE SETEMBRO,PE,,8738642300,001340310,,J,,,S,00000059,,,,,0,,116,,0,99,99,99
000426,PEGASUS COM IMP E EXP DE ELET E EQUIPAMENTOS LTDA,PEGASUS COM IMP E EXP DE ELET E EQUIPAME,SAO DIMAS,13416030,,,08665859000121,03698,,,,,"RUA AJUDANTE ALBANO,898 - PAVMTOTERREO",SP,,34360619,535804183113,,J,,,S,,,,,,0,,898,,0,99,99,99
000427,SERAUTO PLASTICOS LTDA,SERAUTO PLASTICOS LTDA,VL. SAO VICENTE,02733110,,,10526841000190,03827,,,,,R. IZABEL VELHO,SP,,1126598084,148424799112,,J,,,S,,,,,,0,,301A309,,0,99,99,99
000428,PNEUBRAS COMERCIO DE PNEUS LTDA,PNEUBRAS COMERCIO DE PNEUS LTDA,DOM MALAN,56328680,,,08678386003546,01588,,,,,AVENIDA SETE DE SETEMBRO,PE,,8133664260,085101990,,J,,,S,,,,,,0,,620,,0,99,99,99
000429,FIPPARTS INDUSTRIA E COMERCIO DE ARTEFATOS DE PLAS,FIPPARTS INDUSTRIA E COMERCIO DE ARTEFAT,LOTEAMENTO INDUSTRIAL CORAL,09370800,,,31974489000126,03827,,,,,AVENIDA PAPA JOAO XXIII,SP,,1145436644,442413050113,,J,,,S,,,,,,0,A,2719,,0,99,99,99
000430,JUNCAO COMERCIO DE MATERIAIS DE CONSTRUCAO LTDA,,JARDIM AMAZONAS,53318510,,,17304095000300,01588,003,0207002,8738667300,,RUA GEOVAH BARBOSA,PE,,,051166437,,J,,,S,,,,,1,0,,88,,0,99,99,99
000431,CRISTIANO DA SILVA SENA LIMITADA,CRISTIANO DA SILVA SENA LIMITADA,AREIA BRANCA,56328570,,,37176618000117,01588,,,,,RUA CABO COBRINHA,PE,,8738675452,088783740,,J,,,S,,,,,,0,,382,,0,99,99,99
000432,DUNAX LUBRIFICANTES LTDA - BA - VAREJO,DULUB,NUCLEO CIS,44330000,,,05092901001570,01955,,,,,RUA NUCLEO CIS,BA,,,180764095,,J,,,S,01006861,,,,,0,LOTE 120 QD 01,SN,,0,99,99,99
000433,BS DISTRIBUIDORA DE PRESILHAS E GRAMPOS,,CENTRO,,,,40255265000155,02042,,,74981089041,,RUA SEBASTIO QUEIROZ,BA,,,174847067,,J,,,S,,74981089041,,,6,0,,122,,0,99,99,99
000434,BRYNK ENGATES E INDUSTRIA DE METAIS LTDA,BRYNK ENGATES E INDUSTRIA DE METAIS LTDA,CENTRO,25870000,,,42299223000141,03188,,,,,RUA REGINALDO MAIA,RJ,,2422542548,12107137,,J,,,S,,,,,,0,GALPAO F A2,600,,0,99,99,99
000435,MHT IND. COM. DE COMP. AUTOM. LTDA,AMPRI,VILA ENDRES,07043010,,,05974461000260,03477,,,,,RUA BRASILEIRA,SP,,1121477778,127044783115,,J,,,S,01013937,,,,,0,,359,,0,99,99,99
000436,ADACOPLAM AUTOPARTS COML INDL LTDA,ADACOPLAM AUTOPARTS COML INDL LTDA,VILA NOVA YORK,03480010,,,62188180000134,03827,,,,,RUA APARECIDA DE SAO MANOEL,SP,,27214042,112701231110,,J,,,S,,,,,,0,,105,,0,99,99,99
000437,PNEUBRAS COMERCIO DE PNEUS LTDA - MAT,PNEUBRAS COMERCIO DE PNEUS LTDA - MAT,PIEDADE,54400420,,,08678386000105,01550,,,,,RUA PROFESSOR HERCLIANO PIRES,PE,,8133664266,034846964,,J,,,S,,,,,,0,,213,,0,99,99,99
000438,SEGATI COMERCIO DE AUTO PECAS,KICTECH,CONJUNTO RESIDENCIAL BRANCA VI,87043160,,,09435719000120,04118,,,,,RUA RIO JACUI,PR,,4431235050,9088510728,VENDEDOR MEDEIROS - ESPECIAL 20X80 - FRETE FOB,J,,,S,,,,,,0,,063,,0,99,99,99
000439,ROLTBRAS INDUSTRIA DE PRODUTOS AUTOMOTIVOS EIRELI,ROLTBRAS INDUSTRIA DE PRODUTOS AUTOMOTIV,P. INDUSTRIAL,87207036,,,15383633000101,03985,,,,,RUA CARLOS ROBERTO ALVES,PR,,4436318298,9059271080,REPRESENTAO: FERREIRA,J,,,S,,,,,,0,FUNDOS,191,,0,99,99,99
000440,UNIVERSAL AUTOMOTIVE SYSTEMS LTDA,UNIVERSAL AUTOMOTIVE SYSTEMS LTDA,LIMOEIRO,44097324,,,40123469000132,01955,,,,,ROD ROD BR 116,BA,,001122487777,174415434,,J,,,S,,,,,,0,SETOR CIS,SN,,0,99,99,99
000441,BREMEN VEICULOS S/A - AFO,VOLKSWAGEN,MADALENA,50720100,,,16355380000389,01594,,,,,RUA JOAO IVO DA SILVA,PE,,8134477744,030052246,,J,,,S,,,,,6,0,BLOCO B,220,,0,99,99,99
000442,OCEAN INDUSTRIA E COMERCIO AUTOPECAS LTDA,BRASFREIOS,PARQUE SAO PEDRO,08586170,,,10773355000177,03477,,,,,RUA DO COBRE,SP,,1146487999,379180100110,,J,,,S,,,,,,0,SALA 304,40,,0,99,99,99
000443,SOARES GONCALVES COMERCIO E SERVICOS LTD,SOARES GONCALVES COMERCIO E SERVICOS LTD,CASTELO BRANCO,48904000,,,05188443000171,02042,,,,,AV. JOAO DURVAL CARNEIRO,BA,,7436130190,58044775,,J,,,S,,,,,,0,,50,,0,99,99,99
000444,CROSSMAN DO BRASIL LTDA,DEVIGILI,VILA NOVA,89237340,,,43646928000150,04445,,,,,RUA MARQUES DE MARICA,SC,,4799441414,261324330,,J,,,S,01011319,,,,,0,,55,,0,99,99,99
000445,FERREIRA AUTOPECAS,,ALTO DO CRUZEIRO,48900000,,,02781051000123,02042,010,,,,RODOVIA LOMANTO JJUNIOR,BA,,,,,J,,,S,00002200,,0000000000,,7,0,,23,,0,99,99,99
000446,NICHOLAS FRANCA SILVA 50900571845,MG MANGUEIRA,SERRARIA,09980150,,,43630333000107,03417,,,,,R JOSE BONIFACIO,SP,,988805881,286694141117,,J,,,S,,,,,,0,,1.740,,0,99,99,99
000447,THOR AUTO IMPORTACAO E EXPORTACAO LTDA,ELETRICWAY,JARDIM SANTA FRANCISCA,07034040,,,42169784000126,03477,,,,,RUA PAULO STEOLA,SP,,1124312111,127386815112,,J,,,S,01013562,,,,1,0,"GALPAO 4,5 E 6",150,,0,99,99,99
000448,SALGUEIRO EXTINTORES LTDA ME,SALGUEIRO EXTINTORES,NOSSA SENHORA APARECIDA,56000000,,,20246287000141,01600,003,0207002,,,RUA POETA LEVINO NETO,PE,,87988563395,057669740,,J,,a@hotmail.com,S,,,,,1,0,,1204,,0,99,99,99
000449,THUNDER EXCEEDS INDUSTRIAL LTDA,SKIP,VILA NILO,02279000,,,42886385000186,03827,,,,,RUA ABILIO PEDRO RAMOS,SP,,1123378669,131657475114,,J,,,S,,,,,,0,GALPAO 1,656,,0,99,99,99
000450,JNF COMERCIO DE AUTO PECAS EIRELI,CAMBUCI,CAMBUCI,01520010,,,24709343000350,03827,,,,,RUA BARAO DE JAGUARA,SP,,1130191060,130125771111,,J,,,S,,,,,,0,,836,,0,99,-1,-1
000451,METALURGICA RIOSULENSE SA,RIOSULENSE,BARRA DO TROMBUDO,89164910,,,85778074000106,04525,,,,,RUA EMILIO ADAMI,SC,,4735314000,250119196,NO TEM ESPECIAL,J,,,S,01015236,,,,,0,,700,,0,99,-1,-1
000452,RIOSULENSE SA,,BARRA DO TROMBUDO,86160000,,,01610798003929,04345,,,,,RUA EMILIO ADAMI,SC,,,250119196,,J,,,S,03000008,,17308,,,0,,700,,0,99,-1,-1
000453,WLS PNEUMATICOS E MOTO PARTES INDUSTRIA,WLS PNEUMATICOS E MOTO PARTES INDUSTRIA,PQ IND. JUVENAL LEIT,13977000,,,01091641000838,03523,,,,,RUA FRANZ JOSEPH GILL,SP,,001120662000,374101898110,,J,,,S,,,,,,0,,105,,0,99,99,99
000454,TRANSPEAS TRANPORTES ESPECIALIZADO DE CARGAS,,CIDADE INDUSTRIAL SATLIT,07223040,,,41247891000243,03477,009,,,,BICAS,SP,,1124111998,796292370118,,J,,,S,,,,,,0,,78,,0,99,99,99
000455,START INDUSTRIA E DISTRIBUIDORA DE PECAS AUTOMOTIV,BRASFREIOS,JARDIM SILVESTRE,08584420,,,11107391000164,03529,,,,,RUA CANA VERDE,SP,,1146488596,379183703112,,J,,,S,,,,,,0,,85,,0,99,99,99
000456,UNIAO,UNIAO,4444,,,,,01998,010,,,,4444,BA,,,,SEM FORNECEDORES,J,,,S,,,,,7,0,,4444,,0,99,99,99
000457,CLASSE A COM. IMP E EXP DE AUTOPECAS LTD,PAMO,CAMBUCI,01522030,,,11844985000158,03827,,,,,RUA DOS PESCADORES,SP,,1132082493,147147009113,NO TEM ESPECIAL,J,,,S,,,,,,0,,195,,0,99,99,99
000458,DELTA COMERCIO DE DERIVADOS DE PETROLEO LTDA-EPP,DELTA COMERCIO DE DERIVADOS DE PETROLEO,GERCINO COELHO,56308000,,,16515054000120,01588,,,,,"AV. CEL. ANTONIO HONORATO VIANA, 79",PE,,8738620558,049338269,,J,,,S,00025198,,,,,0,,79,,0,99,99,99
000459,FIORI VEICOLO S/A,FIORI VEICOLO S/A,SANTA MONICA,44078015,,,35715234002496,01955,,,,,AVENIDA EDUARDO FROES DA MOTA,BA,,8140204050,122661921,,J,,,S,,,,,,0,PARTE A,2697,,0,99,99,99
000460,FCA FIAT CHRYSLER AUTOMOVEIS BRASIL LTDA.,FCA FIAT CHRYSLER AUTOMOVEIS BRASIL LTDA,NOVA GOIANA,55900000,,,16701716003686,01531,,,,,ROD. BR-101 NORTE,PE,,00008136164011,053213106,,J,,,S,,,,,,0,,KM 13 A 15,,0,99,99,99
000461,KASATECH PROVEDOR DE INTERNET LTDA,KASATECH PROVEDOR DE INTERNET LTDA,CENTRO,48903465,,,08850047000156,02042,,,,,TRAVESSA LAURO DE FREITAS,BA,,7436149650,074120611,,J,,,S,01001634,,,,,0,,64,,0,99,99,99
000462,BAHIA CENTRO AUTOMOTIVO PECAS E ACESSORIOS EIRELI,BAHIA CENTRO AUTOMOTIVO PECAS E ACESSORI,ALTO DO CRUZEIRO,48905229,,,33866352000183,02042,,,,,AVENIDA JOAO DURVAL CARNEIRO,BA,,7436113806,158695312,,J,,,S,00019671,,,,,0,,.,,0,99,99,99
000463,LANI DISTRIBUIDORA DE AUTO PECAS LTDA,MF MANGUEIRAS,VILA FELIX,18500000,,,43599153000100,03563,,,,,RUA DUQUE DE CAXIAS,SP,,,412055077111,,J,,,S,,,,,,0,BOX C E D,707,,0,99,99,99
000464,MARCON IND. COM. PLASTICOS LTDA,MARCON IND. COM. PLASTICOS LTDA,CITY JARAGUA,02992210,,,74576810000127,03827,,,,,ESTRADA DO CORREDOR,SP,,1139769786,114025483111,,J,,,S,,,,,,0,,300,,0,99,99,99
000465,SERTAO SERVICO DE COMUNICACAO MULTIMIDIA EIRELI,SERTAO SERVICO DE COMUNICACAO MULTIMIDIA,SAO GONCALO,56312385,,,30705591000244,01588,,,,,AVENIDA PROFESSOR SIMAO AMORIM DURANDO,PE,,7436149650,083989846,,J,,,S,,,,,,0,,61,,0,99,99,99
000466,ARCELORMITTAL BRASIL S.A.,ARCELORMITTAL BRASIL S.A.,JOSE E MARIA,56320000,,,17469701027881,01588,,,,,AVENIDA SETE DE SETEMBRO,PE,,8738645420,091487285,,J,,,S,,,,,,0,QUADRA A,10,,0,99,99,99
000467,JESSICA NATALIA SANTOS ALVES ME,JESSICA NATALIA SANTOS ALVES ME,CASTELO BRANCO,48907090,,,11780993000188,02042,,,,,RUA A,BA,,8736110173,86568683,,J,,,S,,,,,,0,,SN,,0,99,99,99
000468,CONDOMINIO ASSUNO DE MARIA,CONDOMINIO ASSUNO DE MARIA,PEDRA DO LORD,48901340,,,14790409000163,02042,,,749883712,,SEBASTIAO ALMEIDA BRANCO,BA,,,,,J,,,S,01012691,,1,,6,0,,14,,0,99,99,99
000469,SERVIO DE GUA E SANEAMENTO AMBIENTAL,SAAE,CENTRO,48903440,,,63386494000104,02042,,,,,BARAO DE COTEGIPE,BA,,,,,J,,,S,,,1,,6,0,,SN,,0,99,99,99
000470,ORBI QUIMICA S/A,ORBI QUIMICA S/A,PARQUE NASCENTE DO RIO CAPIVAR,42800970,,,07704914000344,01895,,,,,RUA DOM PEDRO I,BA,,7140097262,123648510,,J,,,S,,,,,,0,QUADRA 002 LT C P2,SN,,0,99,99,99
000471,SEBASTIAO CARIRI LOPES EPP,SEBASTIAO CARIRI LOPES EPP,TROCA SO 7 DIAS,56380000,,,35395532000150,01607,,,,,AV. PLANALTO,PE,,8738691182,016441656,,J,,,S,00000672,,,,,0,,32,,0,99,99,99
000472,APL COMERCIAL DE PNEUS LTDA EP,APL COMERCIAL DE PNEUS LTDA EP,OURO PRETO,56318000,,,03462359000179,01588,,,,,AVENIDA SETE DE SETEMBRO,PE,,8738632811,026433400,,J,,,S,00000069,,,,,0,,61,,0,99,99,99
000473,LUCICLEIDE D. CARVALHO,LUCICLEIDE D. CARVALHO,JARDIM SAO PAULO,56314550,,,26395024000180,01588,,,,,R VINTE E QUATRO,PE,,8799927754,069448175,,J,,,S,00001173,,,,,0,,226,,0,99,99,99
000474,SINDICATO,SINDICATO,CENTRO,48904170,,,,02042,,,,,VENEZA,BA,,,,,J,,,S,,,,,1,0,,SN,,0,99,99,99
000475,FSIST,FSIST,SALGADO FILHO,,,,25999504000198,02042,,,,,"RUA TENISSON RIBEIRO, 552",BA,,,,,J,,,S,,,,,1,0,,552,,0,99,99,99
000476,ISAPA IMPORTACAO E COMERCIO LTDA,ISAPA IMPORTACAO E COMERCIO LTDA,DISTRITO INDUSTRIAL,58320000,,,61327045000917,01301,,,,,RUA MANOEL CESAR DE MELO,PB,,551128236500,164014292,,J,,,S,01012269,,,,,0,GALPAO CB,SN,,0,99,-1,-1
000477,CONTA OI - BEZERRAS,CONTA OI - BEZERRAS,CENTRO,48903510,,,33000118008234,02042,,,,,GOES CALMON,BA,,,,,J,,,S,,,,,1,0,,SN,,0,99,99,99
000478,COMPANHIA DE ELETRICIDADE DO ESTADO DA BAHIA COELB,COELBA,JARDIM VITORIA,,,,15139629037861,02042,,,,,RUA CAMPOS SALES,BA,,,,,J,,,S,,,,,1,0,,14,,0,99,99,99
000479,FGTS - FUNDO DE GARANTIA DO TEMPO DE SERVIO,FGTS,S,,,,,05561,,,,,BRASIL,DF,,,,,J,,,S,,,,,1,0,,SN,,0,99,99,99
000480,POSTO DELTA,DELTA,GERCINO COELHO,56308000,,,13779134000102,01588,,,,,CORONEL ANTONIO HONORATO VIANA,PE,,,,,J,,,S,,,,,1,0,,79,,0,99,99,99
000481,COELBA,,JARDIM VITORIA,48900000,,,15139629000194,02042,,,,,"RUA CAMPOS SALES, 14 - JARDIM, VITRIA - BA",BA,,,,,J,,,S,,,,,1,0,,14,,0,99,99,99
000482,PRATIKA DISTRIB DE EQUIP AUTOMOTIVOS EIRELI,TECHONE,CAMINHO DAS ARVORES,41820021,,,30548178000809,02160,,,,,AVENIDA TANCREDO NEVES,BA,,40636336,185207467,,J,,,S,01013599,,,,,0,SALA 202,805,,0,99,99,99
000483,MORIPAR INDUSTRIA E COM. DE PEC. AUTOM. LTDA,MORIPAR INDUSTRIA E COM. DE PEC. AUTOM.,VILA MONTE BELO,08577600,,,02698461000105,03529,,,,,RUA MARCELINO FERNANDEZ,SP,,29878277,379221438110,,J,,,S,,,,,,0,,265,,0,99,99,99
000484,WORK MEDICINA,WORK MEDICINA,CENTRO,,,,02779233000160,01588,,,,,R. VALRIO PEREIRA,PE,,,,,J,,,S,,,,,1,0,,SN,,0,99,99,99
000485,CONCILTEC,CONCILTEC,JOS E MARIA,,,,,01588,,,,,R. RIO PARABA,PE,,,,,J,,,S,,,,,1,0,,SN,,0,99,99,99
000486,AUTOVASF,AUTOVASF,SN,,,,36298357000145,01588,,,,,TRAVESSA DOS INDUSTRIRIOS,PE,,,,,J,,,S,,,,,1,0,,SN,,0,99,99,99
000487,INSTITUTO EUVALDO LODI,INSTITUTO EUVALDO LODI,ALTO CHEIROSO,,,,02777249000133,01588,,,,,AVENIDA 31 DE MARO,PE,,,,,J,,,S,,,,,1,0,,SN,,0,99,99,99
000488,CASA NETO LTDA,CASA NETO LTDA,BOMBA,56280000,,,24065229000504,01475,,,,,BR 316 KM24,PE,,8738731092,044310900,,J,,,S,00024653,,,,,0,LOJA GOODYEAR,950,,0,99,99,99
000489,AGILIZE - COMERCIO DE MATERIAIS CONTRA INCENDIO LT,AGILIZE - COMERCIO DE MATERIAIS CONTRA I,SANTOS DUMONT,48970000,,,12822198000178,02194,,,,,ROD BA 220,BA,,998131759,003437049,,J,,,S,,,,,,0,TERREO,843,,0,99,99,99
000490,SAAE,SAAE,CENTRO,48903440,,,14659593000107,02042,,,,,BARAO DE COTEGIPE,BA,,,,,J,,,S,,,,,1,0,,1,,0,99,99,99
000491,GARDEIS EQUIP.DE PROTECAO INDIVIDUA LTDA,GARDEIS EQUIP.DE PROTECAO INDIVIDUA LTDA,COHAB SAO FRANCISCO,56308420,,,33910350000144,01588,,,,,AV LUIS DE SOUZA,PE,,8738675726,083308164,,J,,,S,00034488,,,,,0,,80,,0,99,99,99
000492,PINHEIRO COMERCIO DE PNEUS EIRELI,PINHEIRO COMERCIO DE PNEUS EIRELI,VILA EULALIA,56320000,,,12057382000179,01588,,,,,AVENIDA SETE DE SETEMBRO,PE,,8738640864,062014315,,J,,,S,00005590,,,,,0,A,660,,0,99,99,99
000493,MEGA MAXI IMPORTACAO EIRELI,CINOY,CORDEIROS,88311715,,,41917700000122,04434,,,,,RUA HENRIQUE MICHELS JUNIOR,SC,,2127841600,261375296,,J,,,S,,,,,,0,SALA 40,300,,0,99,99,99
000494,MODEFER INDUSTRIA DE AUTO PECAS LTDA,MODEFER INDUSTRIA DE AUTO PECAS LTDA,TAMBORE,06460110,,,96624101000102,03329,,,,,ALAMEDA CAIAPOS,SP,,1120783939,206005423119,,J,,,S,01007562,,,,,0,,338,,0,99,99,99
000495,TELEACO COM. DE FERRO LTDA,TELEACO COM. DE FERRO LTDA,AREIA BRANCA,56330000,,,09101645000195,01588,,,,,AV SETE DE SETEMBRO,PE,,,035739070,,J,,,S,00030799,,,,,0,,122,,0,99,99,99
000496,BRISANET,BRISANET - INTERNET,V,,,,04601397000128,01600,,,,,SALGUEIRO,PE,,,,,J,,,S,,,,,1,0,,SN,,0,99,99,99
000497,YONIC IMPORTACAO E EXPORTACAO DE ARTIGOS DE BAZAR,CINOY,TIRADENTES,76824622,,,14218726000290,00017,,,,,AV. AMAZONAS,RO,,6932146125,00000005073642,,J,,,S,01012637,,,,,0,SALA D,7798,,0,99,99,99
000498,UNI DISTRIBUIDORA AUTOMOTIVE LTDA,INDISA,PARQUE DA FIGUEIRA,13140868,,,44340879000196,03675,,,,,R JOANA ANTONIOLLI SCARASSATTI,SP,,1937656000,513185987117,,J,,,S,01008032,,,,,0,,144,,0,99,99,99
000499,MAX GEAR IND. E COM. DE AUTOPECAS LTDA.,MAX GEAR,DISTRITO INDL I,12910691,,,02821683000173,03351,,,,,AVENIDA QUINZE DE DEZEMBRO,SP,,551134049400,225104920111,,J,,,S,01014861,,,,7,0,,1230,,0,99,99,99
000500,HBA HUTCHINSON BRASIL AUTOMOTIVE LTDA.,HBA HUTCHINSON BRASIL AUTOMOTIVE LTDA.,DIST.INDUSTRIAL,15910000,,,52850682001105,03615,,,,,AV.DR.JOSE DE PAULA EDUARDO,SP,,1632441300,461096084110,,J,,,S,,,,,,0,,1250,,0,99,99,99
000501,EUROPA COMERCIAL LTDA,EUROPA COMERCIAL LTDA,CIVIT II,29168081,,,32463085000130,03164,,,,,RUA DOIS,ES,,002730385999,081320973,,J,,,S,,,,,,0,Q5 LT13,13G,,0,99,99,99
000502,FAST LUBE FILTROS E PECAS EIRELI,JAPAN PARTS,SANTA FE,06278010,,,71810931000101,03652,,,,,AV. DR MAURO L. MONTEIRO,SP,,1136704400,120166448110,,J,,,S,,,,,,0,GP 8 BL I B,185,,0,99,99,99
000503,HWS CONFECCOES LTDA,CARRHEL,JARDIM EULINA,13063000,,,07693527000198,03373,,,,,RUA MARIO JUNQUEIRA DA SILVA,SP,,1932135124,244676702118,,J,,,S,,,,,,0,,1686,,0,99,99,99
000504,KRJ METAIS INDUSTRIA E COMERCIO LTDA,KRJ METAIS INDUSTRIA E COMERCIO LTDA,DISTRITO INDUSTRIAL,18560000,,,03917818000161,03505,,,,,AV MAESTRO LAZARO ROSA,SP,,01532663100,358061431114,,J,,,S,,,,,,0,,195,,0,99,99,99
000505,DARF INSS,,J,,,,,02042,,,,,N,BA,,,,,J,,,S,,,,,1,0,,SN,,0,99,99,99
000506,SIMPLES NACIONAL - IMPOSTO,,S,,,,,02042,,,,,D,BA,,,,,F,,,S,,,,,,0,,SN,,0,99,99,99
000507,MEGAMASSA PREP. DE MASSA DE CONC. LTDA,MEGAMASSA PREP. DE MASSA DE CONC. LTDA,OURO PRETO,56318610,,,26866021000188,01588,,,,,R ATAULFO ALVES,PE,,8738677394,070265798,,J,,,S,,,,,,0,,70,,0,99,99,99
000508,FATURA VISA - FRANCINETE,,V,,,,,01588,,,,,D,PE,,,,,F,,,S,,,,,,0,,5,,0,99,99,99
000509,NBB COMERCIO E INDUSTRIA DE PECAS AUTOMOTIVAS LTDA,RTA,JARDIM REBOUCAS,87083580,,,40541527000148,04118,,,,,RUA PIONEIRO SALVADOR KESSA,PR,,4432654620,9089779631,,J,,,S,,,,,,0,BARRACAO,341,,0,99,99,99
000510,FILTROS FAM LTDA,FILTROS FAM LTDA,CAPUAVA,09380190,,,73127573000154,03595,,,,,RUA DELFINO RIBEIRO GUIMARAES,SP,,1145436799,442176652111,,J,,,S,,,,,,0,,119,,0,99,99,99
000511,FGTS - EQUIPADORA,,A,48900000,,,00000000000000,05561,011,,,,A,DF,,,,,J,,,S,,,,,6,0,,6,,0,99,99,99
000512,FGTS - BEZERRAS,,T,48900000,,,11111111111111,05561,011,0202002,,,S,DF,,,,,J,,,S,,,,,6,0,,5,,0,99,99,99
000513,FGTS - AUTO CENTER,,H,48900000,,,22222222222222,05561,011,0202002,,,P,DF,,,,,J,,,S,,,,,6,0,,9,,0,99,99,99
000514,CONNECT SA,,A,48900000,,,,02042,010,,,,A,BA,,,,,F,,,S,,,,,,0,A,A,,0,99,99,99
000515,CONNECT SA,,A,48900000,,,00850820000172,02042,010,,",",,A,BA,,,1626230,,J,,,S,,,,,1,0,A,A,,0,99,99,99
000516,TC AUTO TECNICA LTDA,TC AUTO TECNICA LTDA,JARDIM CASA BLANCA,05846330,,,55567911000197,03827,,,,,RUA JAGUAJIRA,SP,,1158180966,111446780113,,J,,,S,,,,,,0,,79,,0,99,99,99
000517,BEZERRA E OLIV. COM. DE A. PECAS-L12,BEZERRA E OLIV. COM. DE A. PECAS-L12,MATA DOS LIMA,63180000,,,07221070001433,00911,,,,,AV. LEAO SAMPAIO,CE,,8831990200,069428689,,J,,,S,,,,,,0,GALPO I,4555,,0,99,99,99
000518,ARCA IND.COM.IMP.EXP.RETENTORES LTDA.,ARCA,DIST.IND.BRUNO VERARDINO,14876290,,,72026560000126,03541,,,,,AV. CAETANO BOARINI,SP,,1632092400,391038453117,NO TEM ESPECIAL,J,,,S,,,,,7,0,,71,,0,99,99,99
000519,MENDONCA E SANTANA LTDA,MENDONCA E SANTANA LTDA,VILA EULALIA,56320000,,,45029130000195,01588,,,,,AV. SETE DE SETEMBRO,PE,,8732029255,101801505,,J,,,S,00027517,,,,,0,,990A,,0,99,99,99
000520,MECANICA DO VALLE SERVICOS DE VEICULOS AUTOMOTORES,MECANICA DO VALLE SERVICOS DE VEICULOS A,OURO PRETO,56318000,,,22589265000100,01588,,,,,AVENIDA SETE DE SETEMBRO,PE,,8738673322,062717740,,J,,,S,00000096,,,,,0,,405,,0,99,99,99
000521,TRADICAO AUTO PECAS E SERVICOS LTDA - ME,TRADICAO AUTO PECAS E SERVICOS LTDA - ME,ANTONIO CASSIMIRO,56317200,,,19491195000148,01588,,,,,AV. FERNANDO FARIAS,PE,,8738623873,056004303,,J,,,S,00000928,,,,,0,,341,,0,99,99,99
000522,MARCILENE MARIA DE ANDRADE LUCENA SILVA - ME,MARCILENE MARIA DE ANDRADE LUCENA SILVA,ATRAS DA BANCA,56308210,,,69956191000166,01588,,,,,AVENIDA CORONEL CLEMENTINO COELHO,PE,,8738623002,019253508,,J,,,S,00000411,,,,,0,Loja,1062,,0,99,99,99
000523,JONMAR R. F. LIMA & CIA LTDA - ME,JONMAR R. F. LIMA & CIA LTDA - ME,CENTRO,44700000,,,14528269000150,02032,,,,,PRAA 2 DE JULHO,BA,,7436213420,003542349,,J,,,S,,,,,,0,SEDE,264,,0,99,99,99
000524,DESTAK EMBALAGENS EIRELI - EPP,DESTAK EMBALAGENS EIRELI - EPP,JOSE E MARIA,56320370,,,14187040000107,01588,,,,,AV SETE DE SETEMBRO,PE,,8738621011,045552797,,J,,,S,,,,,,0,,310,,0,99,99,99
000525,CARLOS PECAS E SERVICOS AUTOMOTIVO LTDA,CARLOS PECAS E SERVICOS AUTOMOTIVO LTDA,ATRAS DA BANCA,56308000,,,37765701000121,01588,,,,,AVENIDA CEL ANTONIO HONORATO VIANA,PE,,8730242813,089762797,,J,,,S,00023591,,,,,0,,319,,0,99,99,99
000526,INDUSTRIAS ARTEB LTDA,INDUSTRIAS ARTEB LTDA,VILA OLGA,09891903,,,62291380000207,03809,,,,,AV. PIRAPORINHA,SP,,1143411999,635013169114,,J,,,S,,,,,,0,,1221,,0,99,99,99
000527,DS SUPRIMENTOS LTDA ME,DS SUPRIMENTOS LTDA ME,VILA EDUARDO,56328010,,,15430638000130,01588,,,,,AV. DA INTEGRACAO,PE,,8730242881,048341274,,J,,,S,,,,,,0,,501,,0,99,99,99
000528,FORD,FORD,ASASASA,,,,,03807,,,,,DSDSF,SP,,,,,J,,,S,,,,,7,0,,54,,0,99,99,99
000529,MINAS CAR IND. E COM. DE PRODUTOS AUTOMOTIVOS,MINAS CAR IND. E COM. DE PRODUTOS AUTOMO,SERRARIA,09980030,,,43371935000197,03417,,,,,R PROFESSORA APARECIDA DONIZETE DE PAULA,SP,,1130421547,286690011112,,J,,,S,,,,,,0,,249,,0,99,99,99
000530,BEIRADEIRO COMERCIO DE PNEUS PECAS E SERVICOS LTDA,BEIRADEIRO PNEUS,N.S. APARECINA,56000000,,,35726839000196,01600,008,0202005,,,AV POETA LIVINO NETO,PE,,8738710864,086513451,,J,,a@gmail.com,S,02000719,87988116001,,,,0,,1435,,0,99,99,99
000531,LUCHETI LUBRIFICANTES   LT,LUCHETI LUBRIFICANTES   LT,JARDIM IGUATEMI,08485525,,,59160689000164,03827,,,,,RUA COLINA DE SAO MARCOS,SP,,1127328020,112167796115,,J,,,S,,,,,,0,,29,,0,99,99,99
000532,EFRARI IND.COM.IMP.EXP. AUTOPECAS LTDA,EFRARI IND.COM.IMP.EXP. AUTOPECAS LTDA,TABOAO,09672100,,,56995236000160,03809,,,,,RUA CHINA,SP,,1141781766,635087622114,,J,,,S,,,,,,0,,217,,0,99,99,99
000533,NAT IND E COM DE PCS AUTOMOTIVAS EIRELI,NAT IND E COM DE PCS AUTOMOTIVAS EIRELI,VILA SOCORRO,04761000,,,07866012000142,03827,,,,,RUA DOMINGOS JORGE,SP,,551156313211,149279180113,,J,,,S,,,,,,0,,895,,0,99,99,99
000534,PF PLASTICOS E MANGUEIRAS EIRELI,PF PLASTICOS E MANGUEIRAS EIRELI,CASA GRANDE,09961350,,,24230951000115,03417,,,,,AVENIDA CASA GRANDE,SP,,1140495420,286416434118,,J,,,S,,,,,,0,GALPO B,1534,,0,99,99,99
000535,BARI AUTOMOVEIS LTDA (JEEP PETROLINA),BARI AUTOMOVEIS LTDA (JEEP PETROLINA),JARDIM MARAVILHA,56306610,,,40830572000546,01588,,,,,AVENIDA AV. SETE DE SETEMBRO,PE,,8738628200,061440710,,J,,,S,,,,,,0,ANEXO 1A,S/N,,0,99,99,99
000536,CFR COM. DE MAQ. EQUIP.AGRI LTDA,CFR COM. DE MAQ. EQUIP.AGRI LTDA,JOAO XXIII,48900300,,,14218449000135,02042,,,,,"AV. JOA DURVAL CARNEIRO,",BA,,7436130401,13349361,,J,,,S,,,,,,0,,02,,0,99,99,99
000537,JUSCELIO DE SOUZA CAMPOS JUNIOR,JUSCELIO DE SOUZA CAMPOS JUNIOR,JATOBA,56332385,,,44737067000189,01588,,,,,AVENIDA BARAO DE CONTENDAS,PE,,8730328716,104311010,,J,,,S,00027191,,,,,0,,101 A,,0,99,99,99
000538,PNEUS DO VALE COMERCIO E SERVICOS LTDA,PNEUS DO VALE COMERCIO E SERVICOS LTDA,CASTELO BRANCO,48906510,,,16581655000130,02042,,,,,AVENIDA JOAO DURVAL CARNEIRO,BA,,7436116889,103042190,,J,,,S,00008945,,,,,0,.,1180,,0,99,99,99
000539,AGRO INDUSTRIAS DO VALE DO SAO FRANCISCO SA AGROVA,AGRO INDUSTRIAS DO VALE DO SAO FRANCISCO,ZONA RURAL,48903970,,,13642699000135,02042,,,,,FAZENDA MASSAYO,BA,,7436122911,010106570,,J,,,S,00000008,,,,,0,CX. POSTAL 331,0,,0,99,99,99
000540,DRIVEX DISTRIBUIDORA DE AUTOPEAS LTDA,DRIVEX,BELENZINHO,03062000,,,22616615000180,03827,,,,,HERVAL,SP,1126512735,,144670892113,,J,,,S,01008017,,,,,0,,1252,,0,99,99,99
000541,AUTOIMPACT COMERCIAL LTDA,AUTOIMPACT COMERCIAL LTDA,PEDRA BRANCA,88137270,,,09291877000153,04489,,,,,AV PEDRA BRANCA,SC,,4830347778,255542488,,J,,,S,,,,,,0,CD04 201A,184,,0,99,99,99
000542,LINS PNEUS E SERVICOS LTDA,LINS PNEUS E SERVICOS LTDA,SANTA MARIA,56200000,,,18268176000194,01576,,,,,RODOVIA BR-122 -KM 98 LOJA 10,PE,,87991783751,095964703,,J,,,S,00027809,,,,,0,,S/N,,0,99,99,99
000543,ROLAMENTOS VILLA EIRELI - EPP,FLAM,JARDIM ANSALCA,07241100,,,08189614000175,03477,,,,,RUA ESTANCIA,SP,,1123825191,336779446110,,J,,,S,,,,,,0,,159,,0,99,99,99
000544,ANKARA COMERCIO DE ACESSORIOS EIRELI,RETOV,BARRA FUNDA,01154050,,,06275257000132,03827,,,,,RUA CAMARAJIBE,SP,,1136663134,116815871118,,J,,,S,,,,,6,0,GALPAO COMERCIAL,113,,0,99,99,99
000545,J.F.S. JUNTAS INDUSTRIA LTDA ME,J.F.S. JUNTAS INDUSTRIA LTDA ME,SACOMA,04253050,,,05759559000113,03827,,,,,RUA ARROIO GRANDE,SP,,1150586464,116629447110,,J,,,S,,,,,,0,,487,,0,99,99,99
000546,TOWER PARTS AUTOPECAS S/A,IGASA,ITALIA,83020360,,,25048209000156,04259,,,,,R PEDRO ALVES DA ROCHA,PR,,4130307900,9076335602,,J,,,S,,,,,,0,,201,,0,99,99,99
000547,LEONARDO SILVA E SILVA EIRELI,LEONARDO SILVA E SILVA EIRELI,JARDIM SAO PAULO,48909031,,,33727372000173,02042,,,,,AVENIDA BENEDITO DE ALMEIDA MORAIS,BA,,7436137829,158317735,,J,,,S,,,,,,0,,1232,,0,99,99,99
000548,BLACKBOR IND. E COM. DE ARTEF. BORRACHA LTDA.-EPP,BLACKBOR IND. E COM. DE ARTEF. BORRACHA,BAIRRO NOVA PEREIRAS,18580000,,,22139945000121,03687,,,,,ACESSO LAURO DE ALMEIDA,SP,,1140551111,523013567116,,J,,,S,,,,,,0,,71,,0,99,99,99
000549,AUTOBIKE INDUSTRIA E COMERCIO DE AUTOPEC,ABD,CONCEICAO,09990280,,,38494281000159,03417,,,,,RUA TAPUIAS,SP,,1140542424,286626100117,,J,,,S,,,,,,0,,621,,0,99,-1,-1
000550,GIN PARTS IND. E COM. DE PECAS AUTOMOTIVAS EIRELI,BLAWER,VILA SACADURA CABRAL,09061070,,,35418312000102,03799,,,,,RUA SANTA CLARA,SP,,43671528,121368921111,,J,,,S,,,,,6,0,,244,,0,99,-1,-1
000551,AGM INDSTRIA DE JUNTAS AUTOMOTIVAS LTDA,AGM SAAS,JAUPACI,2318150,,,,05577,002,,+55 (11) 29535375,,VILA PAULISTANA,SP,,1129527618,,,J,,,S,,,,,7,0,AV JOSINO VIEIRA DE GOES 332,916,,0,99,99,99
000552,AMG DISTRIBUIDORA DE AUTO PEAS,AMG,PARAN,86026540,,,,04100,003,,+55 (43) 3374-5700,,ARARUANA,PR,,,,"A AMG  importadora e distribuidora de auto peas, linha leve e de coliso, como por exemplo, parachoques retrovisores,faris , milhas, paralamas, capos e muito mais!!",J,,,S,,,,,7,0,,121-83,,0,99,99,99
000553,RHOPEM INDUSTRIA E COMERCIO LTDA,RHOPEM INDUSTRIA E COMERCIO LTDA,DISTRITO INDUSTRIAL TANCREDO N,15076610,,,07818022000102,03821,,,,,RUA DOUTOR JOSE JORGE CURY,SP,,1732187142,647473513118,,J,,,S,,,,,,0,,109,,0,99,99,99
000554,BRAZMAX  COMERCIO  DE  PRODUTOS AUTOMOTIVOS LTDA,BRAZMAX  COMERCIO  DE  PRODUTOS AUTOMOTI,RECANTO EUCALIPTOS,43700000,,,04208093000103,02201,,,,,ROD BA 093 N95,BA,,557131736080,54485112,,J,,,S,,,,,,0,KM 0 SETOR J,SN,,0,99,99,99
000555,CAU BORRACHAS DO BRASIL COMERCIAL LTDA,CAUPLAS,PARQUE SAO PEDRO,08586150,,,11759400000100,03529,,,,,AV. INDUSTRIAL,SP,,1138311829,379375880115,,J,,,S,01014167,,,,,0,,595,,0,99,-1,-1
000556,LIDIANE OLIV.COM.VAREJ.DE FE.E FER.LTDA,LIDIANE OLIV.COM.VAREJ.DE FE.E FER.LTDA,ALTO DO CRUZEIRO,48905255,,,34338330000103,02042,,,,,RUA NAZILDA SILVA FONSECA,BA,,7436113353,159900204,,J,,,S,,,,,,0,,279,,0,99,99,99
000557,LL PNEUS- LL PNEUS COMERCIO E SERVICOS LTDA,LL PENUS,AREIA BRANCA,56330290,,,32825286000130,01588,010,,87996106666,,DA INTEGRACAO,PE,,8730242055,081572948,,J,,centroautomotivollpneus@gmail.com,S,00024276,,,,7,0,DOM MALAN,1322,,0,99,99,99
000558,MULTI QUALITA DISTRIBUIDORA DE AUTO PECAS LTDA,MULTI QUALITA DISTRIBUIDORA DE AUTO PECA,SAO DOMINGOS,88370777,,,12552648000230,04477,,,,,RUA JORNALISTA RUI ADEMAR RODRIGUES,SC,,4733490028,257537376,,J,,,S,,,,,,0,,1090,,0,99,99,99
000559,MARSCHALL IND. COM. IMP. E EXP. LTDA,MARSCHALL IND. COM. IMP. E EXP. LTDA,LIMOEIRO,44096486,,,02130525000177,01955,,,,,AV. DR. LUIS EDUARDO MAGALHAES,BA,,7521017272,047281819,,J,,,S,,,,,,0,,7000,,0,99,99,99
000560,COLINA AUTO PECAS E SERVICOS LTDA,COLINA AUTO PECAS E SERVICOS LTDA,JOSE E MARIA,56320000,,,02432989000138,01588,,,,,AVENIDA SETE DE SETEMBRO,PE,,8738633536,024586757,,J,,,S,,,,,,0,,930,,0,99,99,99
000561,SERTAO SERVICO DE COMUNICACAO MULTIMIDIA EIRELI,SERTAO SERVICO DE COMUNICACAO MULTIMIDIA,MANICOBA,48921000,,,30705591000163,02042,,,,,AV DR JORGE KHOURY,BA,,7436149650,149613321,,J,,,S,,,,,,0,,1,,0,99,99,99
000562,THOR LUBRIFICANTES DO BRASIL LTDA,THOR LUBRIFICANTES DO BRASIL LTDA,EDEN,18086603,,,30678739000118,03846,,,,,AV IPORANGA B,SP,,1532282664,798332731118,,J,,,S,,,,,,0,,275,,0,99,99,99
000563,JF ALINHAMENTO BALANCEAMENTO E SERVICOS LTDA,JF ALINHAMENTO BALANCEAMENTO E SERVICOS,ANTONIO CASSIMIRO,56321630,,,30519133000130,01588,,,,,AVENIDA FERNANDO FARIAS,PE,,87999794044,077423127,,J,,,S,00020185,,,,,0,,641,,0,99,99,99
000564,MONTKAR COMERCIO E DISTRIBUIDORA DE AUTO PECAS,RETROVEX,VILA JOAO RAMALHO,09371316,,,44369388000178,03827,,,,,RUA JOSE GARCIA SOBRINHO,SP,,1145550771,442586372114,,J,,,S,01014765,,,,,0,LETRA A,346,,0,99,99,99
000565,"EVOLUTTION AUTOMOTIVE, IND & COM FREIOS","EVOLUTTION AUTOMOTIVE, IND & COM FREIOS",SAO LUIZ,13477570,,,18986134000199,03283,,,,,RUA EUGENIO BERTINI,SP,,1921443040,165235796115,,J,,,S,,,,,,0,ANEXO NUMEROS 305 E 345,325,,0,99,99,99
000566,METALURGICA D S LTDA,MDS,VILA MACARINI,88818800,,,79414868000279,04383,,,,,RODOVIA SC-447,SC,,4834366700,254191495,NO TEM ESPECIAL - REP - BCR,J,,,S,,,,,,0,KM 49,SN,,0,99,99,99
000567,JMSR DISTRIBUIDORA DE PECAS LTDA,CRL,BAMBU,18540000,,,43788543000128,03718,,,,,R ANITA GARIBALDI,SP,,11989761672,554140853119,,J,,,S,,,,,,0,****,104,,0,99,-1,-1
000568,CEDEP COMERCIO LTDA (9),CEDEP COMERCIO LTDA (9),HUMILDES,44135000,,,14076889000952,01955,,,,,AV. DEP. LUIS EDUARDO MAGALHAES,BA,,7532115700,195670104,,J,,,S,,,,,,0,,0,,0,99,99,99
000569,BEZERRA E OLIV. COM. DE A. PECAS-L13,BEZERRA E OLIV. COM. DE A. PECAS-L13,G R PRES VARGAS,41230150,,,07221070001514,02160,,,,,AV. ALIOMAR BALEEIRO,BA,,7130388888,174642983,,J,,,S,,,,,,0,,1111,,0,99,99,99
000570,AUDIOTRONIC INDUSTRIA E COMER. DE CABOS E ACESS. A,AUDIOTRONIC INDUSTRIA E COMER. DE CABOS,CIDADE SAO MATEUS,03962090,,,33936748000150,03827,,,,,RUA PERO LOPES LOBO,SP,,1122696433,126257231111,,J,,,S,,,,,,0,,195,,0,99,99,99
000571,R2A DO BRASIL LTDA.,R2A DO BRASIL LTDA.,FEITAL,12441270,,,03447831000102,03692,,,,,BURITI,SP,,,528064202112,,J,,,S,,,,,,0,,2000,,0,99,99,99
000572,ALUGUEL SALGUEIRO,,A,,,,33333333333333,01600,004,,,,A,PE,,,,,J,,,S,,,,,6,0,,A,,0,99,99,99
000573,PW INDUSTRIA E COMERCIO DE COMPONENTES LTDA.,KATHO,JD FAZENDA RINCAO,07428280,,,59819938000180,03309,,,,,RUA LICATEM,SP,,1146548444,188081572116,,J,,,S,,,,,,0,"- ANEXO RUA ARUTEC,120",420,,0,99,99,99
000574,AGROSTAHL SA INDUSTRIA E COMERCIO,AGROSTAHL SA INDUSTRIA E COMERCIO,CORDEIROS,88311710,,,45493772000221,04434,,,,,RUA FRANCISCO REIS,SC,,1147188080,258912090,,J,,,S,,,,,,0,,505,,0,99,99,99
000575,OI S/A - EM RECUPERACAO JUDICIAL,OI S/A - EM RECUPERACAO JUDICIAL,ITAIGARA,41825000,,,76535764001891,02160,,,,,AV. ANTONIO CARLOS MAGALHAES,BA,,,62909340,,J,,,S,,,,,,0,,881,,0,99,99,99
000576,DAV BOR LTDA,DAV BOR LTDA,VILA SACADURA CABRAL,09060710,,,43721999000170,03799,,,,,RUA LUIS DE CAMOES,SP,,,121378731112,,J,,,S,,,,,,0,ANEXO RUA CANTAGALO 90,169,,0,99,99,99
000577,TROCAO CENTRO AUTOMOTIVO SERVICOS E PECA,TROCAO CENTRO AUTOMOTIVO SERVICOS E PECA,GERCINO COELHO,56308000,,,00729716000124,01588,,,,,AVENIDA CORONEL ANTONIO HONORATO VIANA,PE,,8738612382,021837813,,J,,,S,00000037,,,,,0,,159,,0,99,99,99
000578,INTERMEC AUTOMOTIVE IND. E COM. EIRELI - EPP,INTERMEC AUTOMOTIVE IND. E COM. EIRELI -,CENTRO,13825000,,,01343245000184,03481,,,,,RUA ROTA DOS IMIGRANTES N-,SP,,1938023131,747069713110,,J,,,S,,,,,,0,,2249,,0,99,99,99
000579,ASF INDUSTRIA DE AUTO PECAS LTDA,ASF INDUSTRIA DE AUTO PECAS LTDA,PEROVA,07430000,,,07123304000195,03309,,,,,ESTRADA DA LARANJA AZEDA,SP,,1146548477,188086087113,,J,,,S,,,,,,0,1o ANDAR - SALA 2,1483,,0,99,99,99
000580,NCA BRASIL PRODUTOS AUTOMOTIVOS LTDA,NCA BRASIL PRODUTOS AUTOMOTIVOS LTDA,CIDADE INDUSTRIAL SATELITE DE,07223130,,,24923058000175,03477,,,,,RUA PORTELANDIA,SP,,1125324032,796923788116,,J,,,S,,,,,,0,,192,,0,99,99,99
000581,SHOCKBRAS DISTRIBUIDORA E COMERCIO ATACADISTA DE P,SHOCKBRAS DISTRIBUIDORA E COMERCIO ATACA,CERAMICA,09581000,,,48502183000170,03810,,,,,R HAVAI,SP,,1139965202,636517259110,,J,,,S,01013931,,,,,0,,38,,0,99,99,99
000582,AUTO PECAS PADRE CICERO LTDA,AUTO PECAS PADRE CICERO LTDA,AFOGADOS,50770270,,,07965809003201,01594,,,,,RUA SANTOS ARAJO,PE,,,104902213,,J,,,S,,,,,,0,,90,,0,99,99,99
000583,ITAMAR ARAUJO OLIVEIRA & CIA LTDA,ITAMAR ARAUJO OLIVEIRA & CIA LTDA,DISTRITO INDUSTRIAL,48909725,,,06889804000846,02042,,,,,ROD BR 407,BA,,36511156,177826660,,J,,,S,,,,,,0,LOTE 25 26 33 34,SN,,0,99,99,99
000584,TELEACO BAHIA COM. EIRELI,TELEACO BAHIA COM. EIRELI,JOAO XXIII,48900365,,,06080347000178,02042,,,,,ROD LOMANTO JUNIOR,BA,,,63146571,,J,,,S,,,,,,0,,02,,0,99,99,99
000585,AF COMERCIO VAREJISTA DE PECAS E ACESSORIOS,AF COMERCIO VAREJISTA DE PECAS E ACESSOR,GERCINO COELHO,56306100,,,23929096000253,01588,,,,,RUA PAU FERRO,PE,,8738630452,074835203,,J,,,S,,,,,,0,,372A,,0,99,99,99
000586,ARACAJU PISOS E REVESTIMENTOS EIRELI (JUAZEIRO),ARACAJU PISOS E REVESTIMENTOS EIRELI (JU,JARDIM SAO PAULO,48909043,,,27123619000492,02042,,,,,RODOVIA BR-407,BA,,,168454122,,J,,,S,,,,,,0,,407,,0,99,99,99
000587,DESTAK EMBALAGEM EIRELI,DESTAK EMBALAGEM EIRELI,DISTRITO INDUSTRIAL,48909725,,,30820528000178,02042,,,,,RODOVIA BR 407,BA,,87988630407,149905020,,J,,,S,01012233,,,,,0,,SN,,0,99,99,99
000588,MARIA GORETTE C SILVA EIRELI,MARIA GORETTE C SILVA EIRELI,CENTRO,48904125,,,07660134000269,02042,,,,,"PCA. PEDRO PEREIRA PRIMO, 187A",BA,,7436135539,105891475,,J,,,S,,,,,,0,,0,,0,99,99,99
000589,MARIA GORETTE C SILVA EIRELI,MARIA GORETTE C SILVA EIRELI,DISTRITO INDUSTRIAL,48908000,,,07660134000188,02042,,,,,QUADRA QI-B,BA,,7436125022,067450589,,J,,,S,,,,,,0,,GALPAO 4,,0,99,99,99
000590,ABG DISTRIBUIDORA DE PECAS E ACESSORIOS EIRELI,PLATOLANDIA,MONTE BELO,08577520,,,30701864000100,03529,,,,,RUA SUZANO,SP,,11910918967,379324733115,,J,,,S,01013901,,,,,0,SALA 01,650,,0,99,99,99
000591,ALVES SANTOS COMERCIO DE PECAS E ACESSORIOS LTDA,ALVES SANTOS COMERCIO DE PECAS E ACESSOR,CENTRO,48540000,,,13534383000120,02038,,,,,AVENIDA SAO JOSE,BA,,7532032349,060590724,,J,,,S,00025025,,,,,0,Comercio,S/N,,0,99,99,99
000592,ALGUEL PICOS,,A,,,,99999999999999,00824,004,,,,A,PI,,,,,J,,,S,,,,,1,0,A,A,,0,99,99,99
000593,ALUGUEL PICOS,,A,,,,88888888888888,00824,004,,,,A,PI,,,,,J,a,abcde@gmail.com,S,,,,,1,0,A,A,,0,99,99,99
000594,FRANCISCO DE ASSIS SOBRINHO-ME,FRANCISCO DE ASSIS SOBRINHO-ME,NOSSA SENHORA DAS GRACAS,56000000,,,13742233000101,01600,,,,,RUA ANA ALVES DE SA,PE,,8738711811,044302550,,J,,,S,,,,,,0,COMERCIO,43C,,0,99,99,99
000595,ANA PAULA PEREIRA ALCIDES - ME,ANA PAULA PEREIRA ALCIDES - ME,GERCINO COELHO,56306150,,,15008446000130,01588,,,,,AV DA INTEGRACAO,PE,,8738611785,047532165,,J,,,S,,,,,,0,C,178,,0,99,99,99
000596,PETROLONAS COMERCIO DE PLASTICOS EIRELI,PETROLONAS COMERCIO DE PLASTICOS EIRELI,KM - 2,59030350,,,31370362000106,01588,,,,,RUA AIRTON SENNA (LOT ARCO-IRES),PE,,8730244186,078953308,,J,,,S,,,,,,0,,56,,0,99,99,99
000597,FRANCINALDO FERREIRA DE ARAUJO,FRANCINALDO FERREIRA DE ARAUJO,SANTA MARIA GORETTI,48904293,,,04936163000212,02042,,,,,AV DR ADOLFO VIANA,BA,,7436111237,085012554,,J,,,S,,,,,,0,B,797,,0,99,99,99
000598,FERROPECAS FERRAMENTAS PARAFUSOS E PECAS P/AUTOS L,FERROPECAS FERRAMENTAS PARAFUSOS E PECAS,JOAO XXIII,48900365,,,15678287000180,02042,,,,,RODOVIA LOMANTO JUNIOR,BA,,7436118185,004286604,,J,,,S,00000020,,,,,0,,.,,0,99,99,99
000599,LR CENTRO AUTOMOTIVO LTDA EPP,LR CENTRO AUTOMOTIVO LTDA EPP,GERCINO COELHO,56308000,,,27884133000124,01588,,,,,AVENIDA CORONEL ANTONIO HONORATO VIANA,PE,,8738626565,072214791,,J,,,S,00003188,,,,,0,,0,,0,99,99,99
000600,PAMPONET COM.DE PECAS E SERV.AUT.LTDA ME,PAMPONET COM.DE PECAS E SERV.AUT.LTDA ME,OURO PRETO,56318000,,,02680705000122,01588,,,,,AV SETE SETEMBRO,PE,,8738631895,025034685,,J,,,S,00000743,,,,,0,,414,,0,99,99,99
000601,PREFEITURA MUNICIPAL DE JUAZEIRO,,AA,48900000,,,44444444444444,02042,004,,,,A,BA,,,,,J,,,S,,,,,1,0,,55,,0,99,99,99
000602,PREFEITURA MUNICIPAL DE BOMFIM,,LFAL,48900000,,,55555555555555,02194,004,,,,FGG,BA,,,,,J,,,S,,,,,1,0,FDF,44,,0,99,99,99
000603,PREFEITURA MUNICIPAL DE SALGUEIRO,JJ,FFR,48900000,,,66666666666666,01600,,,F,,GF,PE,,,,,J,,,S,,,,,1,0,FF,65,,0,99,99,99
000605,JF COMERCIO DE PNEUS LTDA,JF COMERCIO DE PNEUS LTDA,JOAO XXIII,48900365,,,45340553000121,02042,,,,,ROD LOMANTO JUNIOR,BA,,8799989991,190949390,,J,,,S,,,,,,0,SALA 1 LOT TRADE CENTE,LOTE 5,,0,99,99,99
000606,FATURA CARTO DE CRDITO,A,AA,48900000,,,77777777777777,02042,010,,,,A,BA,,1,A,,J,,,S,,,,,1,0,A,AAAA,,0,99,99,99
000607,NELSON SAMPAIO VIEIRA LTDA,NELSON SAMPAIO VIEIRA LTDA,NOSSA SENHORA DAS GRACAS,56000000,,,11840691000158,01600,,,,,RUA JOAQUIM SAMPAIO,PE,,8738712000,016432665,,J,,,S,02000730,,,,,0,,81,,0,99,99,99
000608,MODEFER INDUSTRIA DE AUTO PECAS LTDA,MODEFER INDUSTRIA DE AUTO PECAS LTDA,ALPHAVILLE INDUSTRIA,06455000,,,96624101000536,03329,,,,,ALAMEDA ARAGUAIA,SP,,,206700308118,NO TEM ESPECIAL,J,,,S,,,,,,0,,3671,,0,99,99,99
000609,SEGURO ALLIANZ - LOJA BONFIM,,A,48900000,,,77070700707070,02194,012,,,,A,BA,,,,,J,,,S,,,,,7,0,A,A,,0,99,99,99
000610,TGR COMBUSTIVEIS LTDA,TGR COMBUSTIVEIS LTDA,CENTRO,56308210,,,12820019000163,01588,,,,,AV CORONEL CLEMENTINO COELHO,PE,,8721011767,042826985,,J,,,S,,,,,,0,,S/N,,0,99,99,99
000611,MARYLENE ROCHA SILVA EIRELI,MARYLENE ROCHA SILVA EIRELI,GERCINO COELHO,56306150,,,41054902000198,01588,,,,,AV.DA INTEGRACAO AYRTON SENNA,PE,,,094808112,,J,,,S,,,,,,0,,339,,0,99,99,99
000612,F & C INDUSTRIA E COMERCIO DE CONFECCOES,F & C INDUSTRIA E COMERCIO DE CONFECCOES,DOM MALAN,56330260,,,00621448000122,01588,,,,,RUA VITAL BRASIL,PE,,8738640581,021841411,,J,,,S,01012082,,,,,0,,462,,0,99,99,99
000613,R R O AUTO PECAS LTDA,UNIDOS IMPORTADOS,ALTO DO CRUZEIRO,48905229,,,03583040000878,02042,,,,,AV. JOAO DURVAL CARNEIRO,BA,,7436112002,179811764,,J,,,S,,,,,,0,,13,,0,99,-1,-1
000614,BEZERRA S AUTO PECAS EIRELI,BEZERRA S AUTO PECAS EIRELI,GERCINO COELHO,56308000,,,13561766000278,01588,,,,,AV. CORONEL ANTONIO HONORATO VIANA,PE,,,086468561,,J,,,S,00026934,,,,,0,,1770,,0,99,99,99
000615,JESSE ALVES FEITOSA - ME,JESSE ALVES FEITOSA - ME,CENTRO,56180000,,,02176190000128,01494,,,,,AV. PRESIDENTE CASTELO BRANCO,PE,,8738752500,024215260,,J,,,S,,,,,,0,,750,,0,99,99,99
000616,HUMBERTO LUIZ ALENCAR VERAS MARQUES,HUMBERTO LUIZ ALENCAR VERAS MARQUES,CENTRO,48970000,,,08102682000155,02194,,,,,AVENIDA DO CONTORNO,BA,,74354147703541,069299900,,J,,,S,,,,,,0,CASA,185,,0,99,99,99
000617,PLASTICOMP IND COM COMP PLAST LTDA,CLICK,MACUCO,13279451,,,04226524000237,03894,,,,,RUA: LAERTE DE PAIVA,SP,,11997452838,708296313119,,J,,,S,,,,,,0,BLOCO 2,264,,0,99,99,99
000618,THERBREC INDUSTRIA E COMERCIO LTDA,SINTER FREIOS,CORUMBA,07600971,,,62809041000180,03585,,,,,"AV.ESEQUIAS ODORICO BUENO,S/N",SP,,1144842704,433020788117,,J,,,S,,,,,,0,KM 03,SN,,0,99,99,99
000619,NUNES COMERCIO DE AUTO PECAS LTDA - ME,KICTECH,JARDIM LIBERDADE,87047035,,,20542350000197,04118,,,,,RUA DOS PALMARES,PR,,4430135675,9066802466,,J,,,S,01015511,,,,,0,SALA5,163,,0,99,99,99
000620,RADIO SALGUEIRO FM,,A,56300000,,,12121212121212,01600,013,,,,A,PE,,,,,J,,,S,,,,,7,0,A,AA,,0,99,99,99
000621,AESA AUTOMOLAS EQUIPAMENTOS LTDA,AESA AUTOMOLAS EQUIPAMENTOS LTDA,BAIRRO PQE INDUSTRIAL II,86188490,,,60446929000170,03961,,,,,ROD MELO PEIXOTO - BR 369,PR,,4331743000,6110014790,,J,,,S,,,,,,0,,3548,,0,99,99,99
000622,DANIEL PEREIRA DE BRITO,DANIEL PEREIRA DE BRITO,NOSSA SENHORA DAS GRACAS,56000000,,,34177001000128,01600,,,,,RUA ALBERTO SOARES,PE,,87988027487,083736808,,J,,,S,,,,,,0,Galpao 08,715,,0,99,99,99
000623,MANN+HUMMEL BRASIL LTDA,MANN+HUMMEL BRASIL LTDA,JOANA LEITE,13329420,,,57014862001405,03772,,,,,RODOVIA SP73,SP,,,600259222119,,J,,,S,,,,,,0,Bloco 300,1800,,0,99,99,99
000624,PNEUS LE FORT DO BRASIL LTDA,PNEUS LE FORT DO BRASIL LTDA,CASCAVEL VELHO,85818560,,,03400570000167,03978,,,,,ROD BR-277 9152,PR,,4532240088,9019839335,,J,,,S,,,,,,0,,.,,0,99,99,99
000625,VALBERTO ALMEIDA DE OLIVEIRA ME,VALBERTO ALMEIDA DE OLIVEIRA ME,CENTRO,48950000,,,13111161000102,02219,,,,,AV. PEDRO RIBEIRO,BA,,7499749927,011330246,,J,,,S,00025015,,,,,0,,SN,,0,99,99,99
000626,BRECAR SERVICOS E PECAS LTDA,BRECAR SERVICOS E PECAS LTDA,JARDIM MARAVILHA,56306610,,,04154314000108,01588,,,,,AV SETE DE SETEMBRO,PE,,8738636050,027840417,,J,,,S,00000028,,,,,0,,690,,0,99,99,99
000627,PETROCAR PRODUTOS AUTOMOTIVOS EIRELI,RADNAQ,JARDIM FTIMA,07177110,,,21587263000119,03477,,,,,ROSA MAFEI,SP,,1124389850,796289731112,,J,,,S,,,796289731112,,3,0,,34,,0,99,99,99
000628,NASCIMENTO E ALEXANDRE LTDA,NASCIMENTO E ALEXANDRE LTDA,CENTRO,48903560,,,13998257000550,02042,,,,,"TRAVESSA DR EDSON RIBEIRO, 000",BA,,7436119366,77220709,,J,,,S,,,,,,0,S/N,000,,0,99,99,99
000629,BCR INDUSTRIA E COMERCIO DE ARTEFATOS DE BORRACHA,BCR INDUSTRIA E COMERCIO DE ARTEFATOS DE,JARDIM DAS CEREJEIRAS,12951111,,,00567295000182,03312,,,,,RUA PREFEITA MARIA JOSE SILVA SALGADO,SP,,1144125951,190280611110,,J,,,S,,,,,,0,GALPAO 175 E N 185,165,,0,99,99,99
000630,PLOC DISTRIBUIDORA AUTOMOTIVE LTDA,INDISA SP,DISTRITO INDUSTRIAL,13054700,,,49854629000198,03373,,,,,RUA ANTONIO LUCHIARI,SP,,1937656000,122974417111,,J,,,S,01015790,,,,,0,EDIF 07,1001,,0,99,-1,-1
000631,BEZERRA AUTO CENTER EIRELI,BEZERRA AUTO CENTER EIRELI,ALTO DO CRUZEIRO,48900400,,,13420481000136,02042,,,,,RUA SEIS,BA,,7436114969,019281504,TESTE,J,,,S,00000006,,,,,0,CASA,02,,0,99,99,99
000632,ZUILLA DA SILVA BEZERRA,BEZERRA AUTOPECAS,VILA NOVA,48970000,,,40043722000148,02194,,,74 99905-5070,,AVENIDA JOAO DURVAL CARNEIRO,BA,7499055070,,174155109,,J,,,S,00024760,,,,6,0,,885,,0,99,99,99
000633,BEZERRA AUTOPECAS LTDA,BEZERRA AUTOPECAS,BOMBA,64601385,,,49091503000109,00824,,,,,AVENIDA DEPUTADO RAIMUNDO DE SA URTIGA - LADO PAR,PI,,7436114969,197306608,,J,,,S,06000001,,,,7,0,,676,,0,99,99,99
000634,IKRO COMPONENTES AUTOMOTIVOS LTDA (S.C.),IKRO COMPONENTES AUTOMOTIVOS LTDA (S.C.),CANHANDUBA,88313000,,,04773769000365,04434,,,,,BR.101 COND.TRADE PARK SARDAGNA GALPAO45,SC,,,261750348,,J,,,S,,,,,,0,GALPAO 45,12750,,0,99,99,99
000635,SPK COMERCIO DE AUTO PECAS LTDA,SPARE KITS,VILA DIVINA PASTORA,03265010,,,43068216000100,03827,,,,,RUA BARLAVENTO,SP,,1129184065,131745658115,,J,,,S,,,,,,0,,347,,0,99,99,99
000636,F R MIRANDA ENV E COM DE OLEOS E LUBRIF AUT EM GER,F R MIRANDA ENV E COM DE OLEOS E LUBRIF,CID IND SATELITE,07232090,,,06017661000106,03827,,,,,RUA INDIAPORA,SP,,1120856828,336813227110,,J,,,S,,,,,,0,PREDIO,468,,0,99,99,99
000637,FERRAMENTAL MAQ. FERR. E PARAF. LTDA.,FERRAMENTAL MAQ. FERR. E PARAF. LTDA.,JOAO XXIII,48900365,,,02991409000142,02042,,,,,RODOVIA LOMANTO JUNIOR,BA,,7436136111,50333187,,J,,,S,,,,,,0,,352,,0,99,99,99
000638,AUTOCASE COMERCIO E DISTRIBUIDORA LTDA,ZEENE,CENTRO,07400610,,,48860540000171,03309,,,,,AVENIDA JOAO MANOEL,SP,,43513778,188180000111,,J,,,S,,,,,,0,SALA 708 BLOCO A EDIF JM 600 OFFICE MALL,600,,0,99,99,99
000639,M3D INDUSTRIA E COMERCIO DE PECAS AUTOMOTIVAS LTDA,FINDER,JARDIM BRASILIA,05847620,,,16844959000143,03827,,,,,RUA YOSHIMARA MINAMOTO,SP,,1155128844,145628250119,,J,,,S,,,,,,0,,1086,,0,99,-1,-1
000640,METALSIDER LTDA.,TORQ,CACHOEIRA,32602335,,,17635277000193,02313,,,,,AVENIDA AMAZONAS,MG,,3135399801,0673581510099,,J,,,S,,,,,,0,,2481,,0,99,-1,-1
000641,AUTO NORTE DISTRIBUIDORA DE PECAS LTDA,AUTO NORTE DISTRIBUIDORA DE PECAS LTDA,DISTRITO INDUSTRIAL,64027468,,,11509676000806,00880,,,,,RUA D,PI,,8631422000,196159245,,J,,,S,01015968,,,,,0,LOTE 128 129 134 E 135,550,,0,99,99,99
000642,MARCOS CANGANI HUNGARO,DELIVERY PECAS ABC AUTO,CERAMICA,09530720,,,27654444000105,03810,,,,,RUA TEODORO SAMPAIO,SP,,1142332702,636334855118,,J,,,S,,,,,6,0,,467,,0,99,99,99
000643,SINTEC INDUSTRIA E COMERCIO PECAS AUTOMOTIVA LTDA,SINTEC INDUSTRIA E COMERCIO PECAS AUTOMO,RECREIO CAMPESTRE JIA,13347060,,,08844800000109,03500,,,,,RUA CRISOLITA,SP,,1939239890,353241343117,,J,,,S,01016134,,,,,0,,368,,0,99,99,99
000644,"HBR BRASIL INDUSTRIA, EXPORTACAO E IMPORTACAO EIRE","HBR BRASIL INDUSTRIA, EXPORTACAO E IMPOR",BATEIAS DE BAIXO,89294000,,,19580028000173,04362,,,,,RUA JOAO PIUS SCHINDLER,SC,,4736327633,257254650,,J,,,S,,,,,,0,,765,,0,99,99,99
000645,L S L INDUSTRIA E COMERCIO DE AUTO PECAS LTDA,L S L INDUSTRIA E COMERCIO DE AUTO PECAS,VILA SANTA CRUZ,15990415,,,31741266000119,03594,,,,,NARCISO BALDAN,SP,,1635067280,441136179110,,J,,,S,,,,,,0,,175,,0,99,99,99
000646,AYRES MAIA COMERCIO LTDA,AYRES MAIA COMERCIAL LTDA,LOTEAMENTO RECIFE,56320700,,,08724660000127,01588,,,,,ROD BR 122 / 428,PE,,,112368417,,J,,,S,01013041,,,,7,0,,3060,,0,99,99,99
000647,ICEBERG COMERCIO DE AUTO PECAS LTDA,DDA,PARQUE PERUCHE,02532000,,,60994258000182,03827,,,,,RUA AGUAS VIRTUOSAS,SP,,1127681508,112527524119,,J,,,S,,,,,,0,SALAO,1014,,0,99,99,99
000648,JF CENTRO AUTOMOTIVO LTDA,MEUSTOK COMERCIO,KM2,56306475,,,44232997000180,01588,,,,,AV. ANISIO MOURA LEAL,PE,,8741012257,100416993,,J,,,S,00030292,,,,,0,,70,,0,99,99,99
000650,E. PORTO SANTOS COMERCIO DE PECAS AUTOMOTIVAS EIRE,BATERIAS PIONEIRO,ITABERABA,48906768,,,30854116000159,02042,,,,,R MARANHAO,BA,,7391344821,149986085,,J,,,S,00025576,,,,,0,,40,,0,99,-1,-1
000651,ADAILTON ALIXANDRE LOPES EPP,ADAILTON ALIXANDRE LOPES EPP,CENTRO,47240000,,,18227229000129,02123,,,,,RUA SILVA JARDIM,BA,,7435342306,109408602,,J,,,S,,,,,,0,,40,,0,99,99,99
000652,4X4 PECAS E SERVICOS - JOAO DE SOUSA & CIA LTDA-ME,4X4 PECAS E SERVICOS,NAZARE,44700000,,,11354687000180,02032,,,,,RUA SABINO JOSE DE SANTANA,BA,,7436210813,084940627,,J,,oficina4x4@gotmail.com.br,S,00024027,,(74)3621-0813,,,0,,SN,,0,99,99,99
000653,ENGATES BRUCKE LTDA,ENGATES BRUCKE LTDA,FONSECA ALMEIDA,25870000,,,40713777000118,03188,,,,,RUA REGINALDO MAIA,RJ,,2422542194,11973280,,J,,,S,,,,,,0,,601,,0,99,99,99
000654,TRANSPARENTE AUTOPECAS EIRELI,TRANSPARENTE AUTOPECAS EIRELI,NOSSA SRA. DAS GRACAS,56000000,,,24356347000130,01600,,,,,AV CEL VEREMUNDO SOARES,PE,,8738710123,014440423,,J,,,S,00010284,,,,,0,,456,,0,99,99,99
000655,M E R AUTO PECAS LTDA,M E R AUTO PECAS LTDA,INDUSTRIAL,64750000,,,26491054000190,00819,,,,,AV. TRANSNORDESTINA,PI,,8934871555,195905288,,J,,,S,00014300,,,,,0,,999,,0,99,99,99
000656,"SILVESTONE INDUSTRIA E COMERCIO DE ESSENCIAS, FRAG",RAMAS INDUSTRIA E COMERCIO DE ESSENCIAS,FLORIDA,06902090,,,69245371000130,03433,,,(11) 5527-6038,,RUA AUZENDA LOURO DA CONCEICAO,SP,,,299.034.084.117,,J,,,S,,,,,1,0,,72,,0,99,99,99
000657,INDUSTRIA E COMERCIO DE REBOQUES EKMAN EIRELI,INDUSTRIA E COMERCIO DE REBOQUES EKMAN E,TRES PORTOS,93270200,,,12934171000177,04759,,,,,R PEDRO ALVARES CABRAL,RS,,5134733513,0430153562,,J,,,S,,,,,,0,,53,,0,99,99,99
000658,DAT-DISTRIBUIDORA AUTOMOTIVA DE TRANSMISSAO,MAX GEAR,JARDIM LIMOEIRO,29164153,,,34039269000101,03164,,,,,RUA FRANCISCO SOUSA DOS SANTOS,ES,,551130710900,083576398,,J,,,S,,,,,,0,SALA 215,03,,0,99,99,99
000659,GOOP DISTRIB AUTOMOTIVA LTDA - PR,GOOP DISTRIB AUTOMOTIVA LTDA - PR,BOQUEIRAO,81650160,,,04919165000546,04003,,,,,R ARISTOTELES DA SILVA SANTOS,PR,,41992121734,9056982490,,J,,,S,,,,,,0,,458,,0,99,99,99
000660,OI S/A - EM RECUPERACAO JUDICIAL,OI S/A - EM RECUPERACAO JUDICIAL,BOA VISTA,50050365,,,76535764002278,01594,,,,,RUA JOAQUIM FELIPE,PE,,,031082793,,J,,,S,,,,,,0,NORTE,168,,0,99,99,99
000661,PLOC DISTRIBUIDORA AUTOMOTIVE LTDA,INDISA,CIA I,43700000,,,49854629000430,02201,,,,,AV ENG. ELMO SEREJO DE FARIAS,BA,,,211114668,,J,,,S,03000007,,,,,0,SALA 1A,3333,,0,99,99,99
000662,GABRIELA CAVALCANTI TAVARES DUARTE-ME,GABRIELA CAVALCANTI TAVARES DUARTE-ME,NOSSA SENHORA DAS GRACAS,56000000,,,01498090000155,01600,,,,,RUA MAJOR ANTONIO RUFINO,PE,,8738713610,035238372,,J,,,S,,,,,,0,,1186,,0,99,99,99
000663,SHOPS CAR COMERCIO DE AUTO PECAS LTDA,SHOPS CAR COMERCIO DE AUTO PECAS LTDA,PQ RESIDENCIAL JAGUARI,13473650,,,45845194000164,03283,,,,,AVENIDA DA MUSICA,SP,,,165605478118,,J,,,S,01015622,,,,,0,,691,,0,99,99,99
000664,FILTRANANDORINHA INDUSTRIA E COMERCIO LTDA,FILTRANANDORINHA INDUSTRIA E COMERCIO LT,VILA SULAMERICANA,06397000,,,51203719000160,03386,,,,,AVENIDA VICTORIO FORNAZARO,SP,,1141869000,255275183117,,J,,,S,,,,,,0,Galpao C,60,,0,99,99,99
000665,ESTOPA,ESTOPA,A,48900000,,,89898989898989,02042,003,,,,A,BA,,,A,,J,a,,S,,,1,,1,0,A,A,,0,99,99,99
000666,CIA BRASILEIRA DIST AUTO S.A,SAMA- BA,PORTOSECO PIRAJ,41233010,,,42580092007260,02160,,,,,RUA DR. ALTINO TEIXEIRA,BA,,7121020900,211576314,,J,,,S,01010131,,,,,0,,1311,,0,99,99,99
000667,EZCONET COMERCIO E SERVICOS LTDA,EZCONET COMERCIO E SERVICOS LTDA,MANGUINHOS,21041170,,,03688543000301,03240,,,,,RUA CASTRO TAVARES,RJ,,1138718550,77699902,,J,,,S,,,,,,0,,146,,0,99,99,99
000668,CIA BRASILEIRA DIST AUTO S.A,SAMA,PORTO SECO,41233010,,,42580092001571,02160,,,,,RUA DR ALTINO TEIXEIRA,BA,,7121020900,027287699,,J,,,S,,,,,,0,,1181 Q,,0,99,99,99
000669,AVALIAR SERVICOS E COMERCIO DE PNEUS LTDA,AVALIAR SERVICOS E COMERCIO DE PNEUS LTD,AREIA BRANCA,56328000,,,41064795000260,01588,,,,,AVENIDA MONSENHOR ANGELO SAMPAIO,PE,,87981549944,105607770,,J,,,S,,,,,,0,DE 541/542 AO FIM,965,,0,99,99,99
000670,CIA BRASILEIRA DIST AUTO S.A,SAMA,P. SECO PIRAJA,41233010,,,42580092007421,02160,,,,,RUA DR. ALTINO TEIXEIRA,BA,,7135079199,211576206,,J,,,S,,,,,,0,,1347,,0,99,99,99
000671,STARK INDUZIDOS COMERCIO DE AUTO PECAS LTDA,ZWF,CIDADE MONCOES,04571925,,,49105325000128,03827,,,,,AVENIDA ENGENHEIRO LUIZ CARLOS BERRINI,SP,,1132240518,138420188114,,J,,,S,,,,,,0,ANDAR 4 CJ 41 C,550,,0,99,99,99
000672,ATACADAO AUTO PECAS LTDA,ATACADAO AUTO PECAS LTDA,JARDIM MARAVILHA,56306610,,,41101325000148,01588,,,,,AVENIDA SETE DE SETEMBRO,PE,,0000000000,094879800,,J,,,S,00026139,,,,,0,,639,,0,99,99,99
000673,INJELETRICA INJECAO E ELETRICA DE AUTOMOVEIS LTDA,INJELETRICA,BONFIM,13070715,,,26411829000170,03373,010,,,,AVENIDA GOVERNADOR PEDRO DE TOLEDO,SP,,1933265800,795771743118,,J,,,S,,,,,7,0,,2346,,0,99,99,99
000674,ROMA AUTOMOVEIS E SERVICO - LTDA,ROMA FIAT,CIDADE INDUSTRIAL,32210140,,,16620114001499,02446,,,,,RUA OSORIO DE MORAIS,MG,,3133697000,0621121491048,,J,,,S,,,,,,0,,SN,,0,99,99,99
000675,CIA BRASILEIRA DIST AUTO S.A,SAMA,AFOGADOS,50850000,,,42580092005801,01594,,,,,RUA SAO MIGUEL,PE,,8121010900,113345763,,J,,,S,,,,,,0,,945,,0,99,99,99
000676,JOSE SIVALDO RIOS DE CARVALHO & CIA LTDA,JOSE SIVALDO RIOS DE CARVALHO & CIA LTDA,ALTO DA RAINHA,48970000,,,00573107000390,02194,,,,,ROD LOMANTO JUNIOR BR 407,BA,,7435416872,153883606,,J,,,S,05000018,,,,,0,,KM125,,0,99,99,99
000677,AMERICA CAR DISTRIBUIDORA DE PECAS LTDA,ROLT,ZONA 04,87210010,,,43753382000137,03985,,,,,AVENIDA RIO BRANCO,PR,,4499834843,9091202686,,J,,faturamentoamericacar@gmail.com,S,,,,,1,0,,937,,0,99,-1,-1
000678,CPX DISTRIBUIDORA S/A,PNEUSTORE.COM.BR,JARDIM ITAQUITI,06422150,,,10158356004018,03329,,,,,VIA DE ACESSO JOAO DE GOES,SP,,4730462550,206822004112,,J,,fiscal@cantustore.com.br,S,,,,,1,0,BRCAO B07,1400,,0,99,99,99
000679,"QUELIN - COMERCIO, PECAS E ACESSORIOS PA","QUELIN - COMERCIO, PECAS E ACESSORIOS PA",JOAO XXIII,48900335,,,13879015000113,02042,,,,,AV GAUDENCIO BARROS LOTEAMENTO TRAD,BA,,7488527092,012728622,,J,,,S,00000018,,,,,0,,19,,0,99,99,99
000680,ELETROACO COMERCIO ATACADISTA LTDA,ELETROACO COMERCIO ATACADISTA LTDA,SANTA MARIA GORETTI,04890441,,,33752168000102,02042,,,,,R OZELINA DIAS DA SILVA,BA,,,158391643,,J,,,S,00034438,,,,,0,,sn,,0,99,99,99
000681,VALEMIX ATACAREJO DE MATERIAL DE CONSTRUCAO EIRELI,VALEMIX ATACAREJO DE MATERIAL DE CONSTRU,PIRANGA,48900150,,,43145974000176,02042,,,,,AVENIDA GIUSEPPE MUCCINI,BA,,0000000000,183751384,,J,,,S,,,,,,0,,60,,0,99,99,99
000682,ALIEXPRESS,ALIEXPRESS,MARIA REGINA,94828180,,,68618354000138,04613,,,,,RUA. CRISTOVAO COLOMBO,RS,,,,,J,,,S,,,,,1,0,,SN,,0,99,99,99
000683,FRANCINALDO FERREIRA DE ARAUJO,FRANCINALDO FERREIRA DE ARAUJO,CENTRO,48903465,,,04936163000131,02042,,,,,TRAVESSA LAURO DE FREITAS,BA,,7436111237,057089308,,J,,,S,,,,,,0,LOJA,45 B,,0,99,99,99
000684,CXL PECAS AUTOMOTIVAS SOCIEDADE UNIPESSOAL LTDA,DDA,PARQUE PERUCHE,02532000,,,53049636000194,03568,,,,,RUA AGUAS VIRTUOSAS,SP,,1127681508,132492762115,,J,,,S,,,,,,0,,1014,,0,99,99,99
000685,COMFREIRE PNEUS E ACESSORIOS LTDA,COMFREIRE PNEUS E ACESSORIOS LTDA,JARDIM MARAVILHA,56306610,,,26942042000135,01588,,,,,AV. SETE DE SETEMBRO,PE,,8730240567,070468125,,J,,,S,00030838,,,,,0,PREDIO,710,,0,99,99,99
000686,FEK COMPONENTES AUTO E ELETRICOS LTDA,FEK COMPONENTES AUTO E ELETRICOS LTDA,SL 1 DISTR.INDUSTRIAL,15410000,,,45039970000139,03370,,,,,RUA ANTONIO DEPIERI,SP,,1732813548,242019945116,,J,,,S,,,,,,0,,2031,,0,99,99,99
000687,ALIEXPRESS CHINA,ALIEXPRESS CHINA,MARIA REGINA,94828180,,,40872934000138,04613,,,,,CHINA,SP,,999999999,420317012090,,J,,aliexpress@gmail.com,S,,,,,7,0,,1,,0,99,99,99
000688,VPM INDUSTRIA E COMERCIO DE AUTO PECAS EIRELI,VPM INDUSTRIA E COMERCIO DE AUTO PECAS E,VILA RE,03658010,,,26224912000130,03568,,,,,RUA ITINGUCU,SP,,1126824698,119692896115,,J,,,S,,,,,,0,,895,,0,99,99,99
000689,MERCADOLIVRE.COM ATIVIDADES DE INTERNET LTDA,MERCADO LIVRE,BONFIM,06233903,,,03361252000134,03652,,,,,OSASCO - SP,SP,,,115.562.960.119,,J,x,naoresponder@mercadolivre.com,S,,,03.361.252/0001,,7,0,,3003,,0,99,99,99
000690,TM3 INVESTIMENTOS LTDA,TM3 INVESTIMENTOS LTDA,SITIO SAO JOSE,08675250,,,40298537000102,03849,,,,,RUA CASSIA FRANCISCO,SP,,11995326670,672606026110,,J,,,S,,,,,,0,fundos,199,,0,99,99,99
000691,GP1 COMERCIO DE EMBREAGENS LTDA,GP1 COMERCIO DE EMBREAGENS LTDA,PAROLIN,80630280,,,12979095000116,04003,,,,,RUA ASSIS FIGUEIREDO,PR,,4130796136,9095094594,,J,,,S,,,,,,0,,1142,,0,99,99,99
000692,NORMEN INDUSTRIA E COMERCIO DE CONEXOES E MANGUEIR,NORFLEX,DIVINEIA,37655000,,,01881662000342,02621,,,,,RUA PRESIDENTE JOAO GOULART,MG,,,0045093790001,,J,,,S,,,,,,0,,70,,0,99,-1,-1
000693,RV JUAZEIRO COMERCIO DE PECAS E PNEUS LTDA,RV JUAZEIRO COMERCIO DE PECAS E PNEUS LT,JOAO XXIII,48900365,,,54217604000113,02042,,,,,ROD LOMANTO JUNIOR,BA,,08001007575,216212169,,J,,,S,01014166,,,,,0,,11,,0,99,99,99
000694,YONIC IMPORTACAO E EXPORTACAO LTDA,YONIC IMPORTACAO E EXPORTACAO LTDA,CENTRO,89110013,,,14218726000371,04404,,,,,R DORALICIO GARCIA,SC,,2127841600,261806904,,J,,,S,01015626,,,,,0,,901,,0,99,99,99
000695,PATRAL MINAS PECAS LTDA,PATRAL MINAS PECAS LTDA,SAO FRANCISCO,31270020,,,50641385000144,02307,,,,,RUA BOAVENTURA,MG,,1421069000,0046146790052,,J,,,S,,,,,,0,,33,,0,99,99,99
000696,MFL ACESSORIOS LTDA,MFL,JARDIM JARAGU,05275000,,,15765446000346,03827,,0207003,,,VIA. ANHANGUERA,SP,4234460001,,136460340119,,J,,lopesmauricio25@gmail.com,S,,,,,7,0,,S/N,,0,99,99,99
000697,BRB BORRACHA REC BRAS IND E COM EIRELI,BRB BORRACHA REC BRAS IND E COM EIRELI,DO RETIRO,18230000,,,06104153000165,03826,,,,,EST  DA FERREIRADA,SP,,1155239190,650069506110,,J,,,S,,,,,,0,"KM 8,5",8.500,,0,99,99,99
000698,MR FABRICACAO E COMERCIO DE PECAS AUTOMOTIVAS LTDA,BRASSFREIOS,PARQUE SAO PEDRO,08586170,,,33525021000180,03529,,,,,DO COBRE,SP,,1146487999,379356351110,,J,,,S,,,,,,0,,40,,0,99,-1,-1
000699,AVALIAR SERVICOS E COMERCIO DE PNEUS LTDA,AVALIAR SERVICOS E COMERCIO DE PNEUS LTD,USINA ALIANCA,48909131,,,41064795000189,02042,,,,,ROD BR 407,BA,,7498154496,177214606,,J,,,S,01001975,,,,,0,"QUADRA A, LOTE 01",102,,0,99,99,99
000700,AGROINDUSTRIA BOTAO DE SOLA EIRELI,AGROINDUSTRIA BOTAO DE SOLA EIRELI,ZONA RURAL,64720000,,,43072478000130,00876,,,,,FAZ CARNAIBAS DATA FORMOSA,PI,,,197004962,,J,,,S,,,,,,0,,SN,,0,99,99,99
000701,GK 108 INDUSTRIAL DE PARTES AUTO PECAS LTDA,SYL,JARDIM OURO BRANCO,18087350,,,06879489000361,03846,,,,,AVENIDA VELA OLIMPICA,SP,,1532354900,669547096111,SYL,J,,,S,,,,,,0,,851,,0,99,-1,-1
000702,DOMA COMERCIO E SERVICOS DE ACESSORIOS PARA VEICUL,INFINITY,MANDI,08596440,,,39651356000120,03529,,,,,ESTRADA DO PREJU,SP,,1131815505,379430204118,,J,,,S,01014668,,,,,0,,490,,0,99,-1,-1
000703,MEUSTOK COMERCIO ELETRONICO LTDA,CENTERPARTS,PORTO SECO PIRAJA,41233010,,,33725491000359,02160,,,,,R DOUTOR ALTINO TEIXEIRA,BA,,,199129806,,J,,,S,,,,,,0,SALA A,1590,,0,99,-1,-1
000704,HAUSTIN IND E COM DE PECAS E FERRAMENTARIA EIRELI,HAUSTIN IND E COM DE PECAS E FERRAMENTAR,JD. INDEPENDENCIA,03223000,,,27241160000189,03827,,,,,RUA SUSANA,SP,,1129101615,141811272113,,J,,,S,,,,,,0,,527,,0,99,99,99
000705,PRIVATE BRASIL IND. COM. E IMP. DE PECAS AUTOM. LT,PERFECT ARUJA,LARANJA AZEDA,07430350,,,07169450000402,03309,,,,,AV TOWER AUTOMOTIVE,SP,,1121769000,188201693112,,J,,,S,01015770,,,,,0,GALPAO19 E 20,SN,,0,99,-1,-1
000706,MACLEINI INDUSTRIA E COMERCIO LTDA - ME,MACLEINI INDUSTRIA E COMERCIO LTDA - ME,V GUMERCINDO,04129060,,,45295912000176,03827,,,,,RUA DOM MIGUEL COSTA,SP,,,110404407115,,J,,,S,,,,,,0,,114,,0,99,99,99
000707,THE SPOTLIGHT MULTI PARTS LTDA,THE SPOTLIGHT MULTI PARTS LTDA,SANTA PAULA,09520040,,,24724348000190,03810,,,,,RUA DOS AUTONOMISTAS,SP,,1145436511,636380546111,,J,,,S,,,,,,0,,157,,0,99,99,99
000708,MEGA DISTRIBUIDORA LTDA,INDISA,RESIDENCIAL PARQUE CUMBICA,07174005,,,55237287000160,03477,,,,,AVENIDA PAPA JOAO PAULO I,SP,,,137457487114,,J,,,S,03000006,,,,,0,SALA 01 - A GALPAO02,1745,,0,99,-1,-1
000709,MAG MIDIAS LTDA,MAG MIDIAS LTDA,RESIDENCIAL SONIA,75330000,,,48853070000119,05338,,,,,RUA MARCILIA MARIA DE JESUS,GO,,6299331539,109910737,,J,,,S,,,,,,0,QUADRA 01; LOTE 02,S/N,,0,99,99,99
000710,POSTO JUAZEIRO 2 LTDA,POSTO JUAZEIRO 2 LTDA,CENTRO,48903560,,,51515976000138,02042,,,,,"TRAVESSA DOUTOR EDSON RIBEIRO, 0",BA,,7436119366,217126182,,J,,,S,,,,,,0,S/N,0,,0,99,99,99
000711,DUNAX LUBRIFICANTES LTDA,DUNAX LUBRIFICANTES,GUABIRABA,52490570,,,05092901002541,01594,,,,,AVENIDA DA RECUPERACAO,PE,,8532753070,102767009,,J,,dulub@dulub.com.br,S,,,,,,0,KM 12 13 BR 101,1,,0,99,-1,-1
000712,KINTOP INDUSTRIA E COMERCIO DE AUTOPECAS LTDA,KINTOP INDUSTRIA E COMERCIO DE AUTOPECAS,JARDIM RODEIO,08775000,,,48431356000106,03608,,,,,AVENIDA LOTHAR WALDEMAR HOEHNE,SP,,1125009701,454912190111,,J,,,S,,,,,,0,,3162,,0,99,99,99
000713,UNIPLEX INDUSTRIA ACRILICA LTDA,UNIPLEX INDUSTRIA ACRILICA LTDA,STA. LEONOR,16300970,,,48424261000165,03685,,,,,ROD ASSIS CHATEAUBRIAND,SP,,1836521079,521011159116,,J,,,S,,,,,,0,KM 285,425,,0,99,99,99
000714,BEZERRA S AUTO PECAS LTDA - CD,BEZERRA S AUTO PECAS LTDA,PALMARES,48901822,,,13561766000359,02042,,,,,RUA MARIA CLARA DE ARAUJO,BA,,7436114969,218863390,,J,,,S,,,,,,0,,SN,,0,99,-1,-1
000715,ROLT DO BRASIL INDUSTRIA DE PRODUTOS AUTOMOTIVOS L,ROLT DO BRASIL INDUSTRIA DE PRODUTOS AUT,PARQUE INDUSTRIAL,87207036,,,08147871000144,03985,,,,,RUA CARLOS ROBERTO ALVES,PR,,4436318463,9037703769,,J,,pedidosrolt@gmail.com,S,01015972,,,,,0,,191,,0,99,-1,-1
000716,GILDEVAN DE SOUSA SANTOS,GILDEVAN DE SOUSA SANTOS,CATAVENTO,64607185,,,43573558000179,00824,,,,,RUA PROJETADA,PI,,8999160115,197009450,,J,,,S,06000067,,,,,0,,339,,0,99,99,99
000717,CR AUTO PECAS REPRES E SERV LTDA,CR AUTO PECAS REPRES E SERV LTDA,OURO PRETO,56318000,,,00298293000135,01588,,,,,AV. 7 DE SETEMBRO,PE,,8738632948,020608250,,J,,,S,00000038,,,,,0,,249,,0,99,99,99
000718,TECKFREIOS COMERCIO E DISTRIBUICAO DE PECAS LTDA,BRASFREIOS,PARQUE RESIDENCIAL MARENGO,08594500,,,50749673000117,03529,,,,,JOAQUIM MANOEL DE MACEDO,SP,,,379587015114,,J,,,S,,,,,,0,,964,,0,99,-1,-1
000719,ROLAMENTOS BRASIL LTDA,RBR,LOT MOINHO DOS VENTOS,74371395,,,49572058000107,05409,,,,,AV MOINHO DOS VENTOS,GO,,6231577457,200102869,,J,,,S,,,,,,0,,741,,0,99,-1,-1
000720,CPX DISTRIBUIDORA S.A,PNEU STORE,PORTAL DE JACARAIPE,29173795,,,10158356001000,03164,,,(47)3046-2550,,AVENIDA TALMA RODRIGUES RIBEIRO,ES,,08006022013,083216936,,J,,,S,,,,,1,0,,S/N,,0,99,-1,-1
000721,LPL COMERCIO DE AUTO PECAS LTDA,LPL COMERCIO DE AUTO PECAS LTDA,VILA ESTEFANO,04154050,,,52186846000161,03827,,,,,RUA DIVINO LARANJEIRAS,SP,,,125673490119,,J,,,S,,,,,,0,,61,,0,99,99,99
000722,PARTNERS AUTOMOTIVA INDUSTRIA E COMERCIO LTDA,PARTNERS AUTOMOTIVA INDUSTRIA E COMERCIO,SERTAOZINHO,09372050,,,34690056000137,03595,,,,,RUA DOUTOR ULISSES GUIMARAES,SP,,1144744663,442448857116,,J,,,S,,,,,,0,A,170,,0,99,99,99
000723,ATACADAO CAMBUCI EIRELI,ATACADAO CAMBUCI EIRELI,CAMBUCI,01520010,,,24824423000194,03827,,,,,RUA BARAO DE JAGUARA,SP,,1130191063,140847219112,,J,,,S,,,,,,0,,830,,0,99,99,99
000724,DELL AUTOPECAS E AUTOELETRICA LTDA,DELL AUTOPECAS E AUTOELETRICA LTDA,JOSE E MARIA,56320000,,,11423102000136,01588,,,,,SETE DE SETEMBRO,PE,,8738646362,040298957,,J,,,S,00016052,,,,,0,VILA EULALIA,400,,0,99,99,99
000725,UNIPARTS DISTRIBUIDORA DE PECAS AUTOMOTIVAS LTDA,UNIPARTS DISTRIBUIDORA DE PECAS AUTOMOTI,JARDIM CARAVELAS,04728020,,,43539876000113,03827,,,,,R DO CARREIRO DE PEDRA,SP,,11947645720,131976960111,,J,,,S,,,,,,0,,145,,0,99,99,99
000726,MARIA VILANI DE MOURA FERRAGENS ME,MARIA VILANI DE MOURA FERRAGENS ME,BOMBA,64600000,,,19353651000193,00824,,,,,AV DEPUTADO RAIMUNDO SA URTIGA,PI,,8934225786,195321103,,J,,,S,,,,,,0,,543,,0,99,99,99
000727,COMPANHIA BRASILEIRA DE DAMPERS LTDA,TRIADE,BELA VISTA,01311927,,,45955555000125,03827,,,,,AVENIDA PAULISTA,SP,,1129963816,134793653118,,J,,,S,,,,,,0,CONJUNTO 511,1471,,0,99,-1,-1
000728,BORIES ENERGIA E COMUNICACAO LTDA,BORIES ENERGIA E COMUNICACAO LTDA,GERCINO COELHO,56306230,,,19360987000183,01588,,,,,R DA GLORIA,PE,,8738625353,055704093,,J,,,S,,,,,,0,FUNDOS;,255,,0,99,99,99
000729,SO ONIBUS COMERCIAL DE PECAS LTDA,SO ONIBUS COMERCIAL DE PECAS LTDA,CAMPO LIMPO,44032411,,,06316728000103,01955,,,,,AV TRANSNORDESTINA,BA,,7532242030,64011721,,J,,,S,,,,,,0,,2100,,0,99,99,99
000730,FARIA VEICULOS LTDA,FARIA VEICULOS,CAMPOS ELISEOS,01205001,,,01869253000169,03827,004,,,,AVENIDA RIO BRANCO,SP,,1133510800,120079527111,,J,,,S,,,,,7,0,,1619,,0,99,-1,-1
000731,P DO ROSARIO DISTRIBUIDORA DE PECAS AUTOMOTIVAS,P DO ROSARIO,VILA DO TINGUA,26383160,,,47538712000122,03233,003,,,,RUA ITABIRA,RJ,,2126681468,12577419,,J,,,S,,,,,6,0,,175,,0,99,-1,-1
000732,AEC ARRANQUES E ALTERNADORES EIRELI,AEC ARRANQUES E ALTERNADORES EIRELI,TIROL (BARREIRO),30662072,,,27991455000172,02307,,,,,RUA JOSE DO CARMO DE OLIVEIRA,MG,,3133218504,0029878740030,,J,,,S,,,,,,0,,236,,0,99,99,99
000733,DISTRIBUIDORA BAHIA DE AUTOPECAS EIRELI,,ROV LOMANTO JUNIOR,48970000,,,04882257000175,02194,,,,,BR 407,BA,,7435416244,056856541,,J,,,S,,,,,2,0,,480,,0,99,-1,-1
000734,EWR PRIMOS MULTIPECAS E SERVICOS LTDA,EWR PRIMOS,PAULICEIA,13424060,,,52658885000114,03698,,,,,RUA FERNANDO LOPES,SP,,,132200673113,,J,,,S,,,,,7,0,,1047,,0,99,-1,-1
000735,BSB ROLAMENTOS LTDA,BSB ROLAMENTOS LTDA,VILA APIAI,09185690,,,54484712000152,03799,,,,,R ITAQUERA,SP,,1144295399,626172480110,,J,,,S,,,,,,0,,233/263,,0,99,99,99
000736,MG CENTRO AUTOMOTIVO LTDA,MG CENTRO AUTOMOTIVO LTDA,JOAO XXIII,48900365,,,05382527000141,02042,,,,,ROD LOMANTO JUNIOR,BA,,0000000000,122901636,,J,,,S,00016838,,,,,0,,105,,0,99,99,99
000737,MCR COMERCIO DE PECAS LTDA,,JARDIM SANTANA,13088601,,,04787377000193,03373,,,,,RUA ANGELIN GUERNELLI,SP,,1937816300,244896508110,,J,,,S,,,,,2,0,,481,,0,99,-1,-1
000738,METALURGICA SARAIVA INDUSTRIA E COMERCIO LTDA.,SARAIVA RETROVISORES,VENDAVAL,88164169,,,50185891000176,04344,001,,NOVA BAHIA,,RODOVIA SC-407,SC,,4832855080,254657974,REPRESENTADA PELA NOVA BAHIA,J,,,S,,,,,7,0,"KM 1,3",81,,0,99,-1,-1
000739,MPA AUTO PECAS IMPORTACAO E EXPORTACAO LTDA,MPA AUTO PECAS IMPORTACAO E EXPORTACAO L,VILA SAO FRANCISCO,08735270,,,09663619000150,03608,,,,,AVENIDA VALENTINA MELLO FREIRE BORENSTEIN,SP,,,454339988110,,J,,,S,,,,,,0,,228,,0,99,99,99
000740,METZLER E CIA LTDA,METZLER,CENTRO,89400000,,,85600658000197,04512,004,,,,RUA MATOS COSTA,SC,,4235231233,250407612,,J,,,S,,,,,7,0,,171,,0,99,-1,-1
000741,BBE AUTOMOTIVO IMPORTADORA EIRELI,BBE AUTOMOTIVO IMPORTADORA EIRELI,VILA SAO FRANCISCO,08735270,,,29138254000152,03608,,,,,AV. VALENTINA MELLO FREIRE BORENSTEIN,SP,,1147242173,454556190113,,J,,,S,,,,,,0,,206,,0,99,99,99
000742,J.S.L. LOPES AUTO PECAS,J.S.L. LOPES AUTO PECAS,ALTO DA MOOCA,03184010,,,22654182000157,03827,,,,,RUA RUI MARTINS,SP,,1132940684,144691000112,,J,,,S,,,,,,0,,344,,0,99,99,99
000743,CENTER VALLE AUTOMOTIVA LTDA,CENTER VALLE AUTOMOTIVA LTDA,DISTRITO INDUSTRIAL,56310800,,,54970246000115,01588,,,,,AV ALTINO COELHO DE MACEDO,PE,,87981241521,116981369,,J,,,S,00033442,,,,,0,,0,,0,99,99,99
000744,JOSE JOAO DOS SANTOS PETROLINA,JOSE JOAO DOS SANTOS PETROLINA,ALTO DO COCAR,56300000,,,05108740000160,01588,,,,,AV. TRANSNORDESTINA,PE,,8788454504,029214564,,J,,,S,,,,,,0,,160,,0,99,99,99
000745,MOURA DA SILVA RAMOS E LIMA LTDA,MOURA DA SILVA RAMOS E LIMA LTDA,BOMBA,64601385,,,16977776000104,00824,,,,,AV DEP RAIMUNDO DE SA URTIGA,PI,,08934222743,195073703,,J,,,S,06000056,,,,,0,,756,,0,99,99,99
000746,NDG COMPONENTES AUTOMOTIVOS LTDA,GAUSS,PONTO DOS CARVALHOS,54580773,,,54374964000129,01493,,,,,AV. GOV.MIGUEL ARRAES DE ALENCAR,PE,,,116133600,,J,,,S,01015470,,,,,0,GLP IM36,1380,,0,99,-1,-1
000747,FB COMERCIO AUTOMOTIVO LTDA,FB COMERCIO AUTOMOTIVO LTDA,ATRAS DA BANCA,56308210,,,34599648000148,01588,,,,,AVENIDA CORONEL CLEMENTINO COELHO,PE,,8738670220,084432381,,J,,,S,00027175,,,,,0,A,1362,,0,99,99,99
000748,FABIO AUTO CENTER,,G,48970000,,,39689793000133,02194,,,,,AVENIDA JOAO DURVAL CARNEIRO,BA,,,,,J,,,S,05002257,7435421431,,,1,0,VILA NOVA,44,,0,99,-1,-1
000749,VELLCO AUTOMOTIVE LTDA,VELLCO AUTOMOTIVE LTDA,BOA VIAGEM,51030160,,,21575591000952,01594,,,,,AVENIDA VINTE DE JANEIRO,PE,,4732279995,087764660,,J,,,S,,,,,,0,GALPAO 000B BOX 2615,247,,0,99,99,99
000750,SOARES GONCALVES COMERCIO E SERVICOS LTD,SOARES GONCALVES COMERCIO E SERVICOS LTD,RODOVIARIOS,48970000,,,05188443000252,02194,,,,,RUA LOMANTO JUNIOR,BA,,7435410947,101452188,,J,,,S,,,,,,0,,213,,0,99,99,99
000751,VELLCO AUTOMOTIVE LTDA,ELPER,CENTRO,44002560,,,21575591000871,01955,,,,,RUA DESEMBARGADOR FELINTO BASTOS,BA,,4732279995,149071549,,J,,,S,,,,,,0,,306,,0,99,-1,-1
000752,JS MARELLA AUTOMOVEIS LTDA,JS MARELLA,SANTOS DUMONT,15020000,,,68087329000175,03821,,0207003,,,RUA DOUTOR PRESCILIANO PINTO,SP,1732148000,,647213716110,,J,,,S,,,,,7,0,,3570,,0,99,-1,-1
000753,RADIMPORT IMPORTACAO E EXPORTACAO LTDA,L3D,PRIMEIRO DE MAIO,88820000,,,33920493000137,04417,,,,,RUA MACHADO DE ASSIS,SC,,,260374210,,J,,,S,,,,,,0,,58,,0,99,-1,-1
000754,MINCARONE RUIZ E CIA LTDA,MINCARONE RUIZ E CIA,SARANDI,91110010,,,90383142000178,04927,,0207003,,,RUA DONA ALZIRA,RS,5133491824,,0960944710,,J,,,S,,,,,7,0,,882,,0,99,-1,-1
000755,OCTO INDUSTRIA COMERCIO E DISTRIBUICAO DE FREIOS L,BRASFREIOS,VILA GENI,08599190,,,29962366000123,03529,,,,,SAO JORGE,SP,,,379630392113,,J,,,S,,,,,,0,,160,,0,99,-1,-1
000756,BORMANA COM. DE AUTO PECAS LTDA,BORMANA,SANTA FE,95045070,,,93527794000127,04697,003,0207003,,,RODOVIA ERS-122,RS,5432899500,,0290200644,,J,,,S,,,,,7,0,,122,,0,99,-1,-1
000757,HM DISTRIBUIDORA DE AUTOPECAS LTDA,HM DISTRIBUIDORA DE AUTOPECAS LTDA,JARDIM MARAVILHA,56306610,,,13820703000450,01588,,,,,AVE. SETE DE SETEMBRO,PE,,8738241059,113408862,,J,,,S,,,,,,0,SALA 1,639,,0,99,99,99
000758,AUTODRIVE PECAS AUTOMOTIVAS LTDA,SOLOPES,JARDIM CASTANHA,07182310,,,55020506000154,03477,,,,,RUA PEDRA LAVADA,SP,1126001041,1126001014,137276890117,,J,,solopes@solopes.com.br,S,01016092,1126001014,,,,0,LETRA B,139,,0,99,-1,-1
000759,SHOPEE,SHOPEE,JARDIM PAULISTANO,01451000,,,35635824000112,03827,,,,,AVENIDA BRIGADEIRO FARIA LIMA,SP,,,142264595115,,J,,,S,,,,,6,0,,3064,,0,99,-1,-1
000760,EDIVALDO CANDIDO DE SOUZA,EDIVALDO CANDIDO,JARDIM SANTO ANTONIO,03563340,,,45442926000175,03827,010,0207003,,,RUA RIO DAS ANTAS,SP,11939417076,,134405440114,,J,,,S,,11939417076,,,6,0,ANEXO A,223,,0,99,-1,-1
000761,APS DISTRIBUIDORA DE AUTOPECAS E MT,APS DISTRIBUIDORA,JARDIM AMERICA,29140050,,,01910513000364,03111,003,0207003,,,AVENIDA AMERICA,ES,,,082430772,,J,,,S,,2732160520,,,7,0,,432,,0,99,-1,-1
000762,AUTOMOTIVE IMPORTS COMERCIAL LTDA,AUTOMOTIVE IMPORTS,PORTAO,07412000,,,19862027000111,03309,003,0207003,,,AVENIDA GOVERNADOR MARIO COVAS JUNIOR,SP,,46538000,188138403119,,J,,,S,,,,,7,0,,4455,,0,99,-1,-1
000763,AUTOFY COMERCIO DE PECAS LTDA,AUTOFY,GUATUPE,83060000,,,49053503000114,04259,,,,,AVENIDA THOMAZ CARMELIANO DE MIRANDA,PR,,,9098026360,,J,,,S,,,,,7,0,,1142,,0,99,-1,-1
000764,T DE OLIVEIRA MENDES PEAS AUTOMOTIVAS,T DE OLIVEIRA,VILA FORMOSA,03357005,,,29437551000107,03827,,,,,PRACA ANTONIO PEREIRA MARTINS,SP,,11953923426,118926280116,,J,,,S,,,,,,0,,44,,0,99,-1,-1
000765,CAMILA GERALDO OBERST E-COMMERCE,CAMILA GERALDO,BOQUEIRAO,81650200,,,42044984000152,04003,,,,,RUA WALDEMAR LOUREIRO CAMPOS,PR,,4130455524,9089343779,,J,,,S,,,,,6,0,,861,,0,99,-1,-1
000766,ODELLI AUTO PARTS LTDA,ODELLI,SANTA RITA,89162400,,,47626177000161,04525,,,,,RODOVIA BR-470,SC,,,261863967,,J,,,S,,,,,7,0,,2184,,0,99,-1,-1
000767,JR PECAS AUTOMOTIVAS LTDA,JR PECAS AUTOMOTIVAS LTDA,JARDIM JOQUEI CLUBE,14078630,,,52403589000172,03752,,,,,RUA LENCOIS PAULISTA,SP,,1636241056,125830179114,,J,,,S,,,,,,0,PORTAO 2,112,,0,99,99,99
000768,SERGINHO DISTRIBUIDORA DE MOTO PECAS,SERGINHO DISTRIBUIDORA DE MOTO PECAS,BOCAINA,09425020,,,41411170000146,03751,,,,,RUA LIONS,SP,,,581221735110,,J,,,S,,,,,,0,,125,,0,99,-1,-1
000769,LIQUID POWER,LIQUID POWER,CENTRO,84940000,,,44627559000111,04275,,,,,SIQUEIRA CAMPOS,PR,,,9092351545,,J,,,S,,,,,,0,,1865,,0,99,-1,-1
000770,ECO DISTRIBUIDORA E LOGISTICA LTDA,ECOPADS,ESTIVA,13293074,,,08299704000119,03573,,,,,AVENIDA ALEXANDRE BIAZI,SP,,1121363900,421078304111,,J,,,S,,,,,,0,,255,,0,99,-1,-1
000771,MIGLIATI & LUMINI LTDA,MIGLIATI & LUMINI LTDA,VILA MARCELINO,13570591,,,07088863000101,03811,,,,,RUA RAIMUNDO CORREA,SP,,1633688002,637271244118,,J,,,S,,,,,7,0,,1537,,0,99,-1,-1
000772,TROPICAL DISTRIBUIDORA DE EQUIPAMENTOS,,VILA NOVA,11013500,,,01759987000195,03807,,,,,RUA MARECHAL PEGO JUNIOR,SP,,,633372204118,,J,,,S,,,,,,0,,109,,0,99,-1,-1
000773,MALIBU IMPORTS COMERCIO DE PECAS,MALIBU,BELENZINHO,03055030,,,46321614000176,03827,,,,,RUA DOUTOR UBALDINO DO AMARAL,SP,,1122684120,132564499117,,J,,,S,,,,,1,0,,169,,0,99,-1,-1
000774,UNIVERSO MIG LTDA,UNIVERSO MIG LTDA,JARDIM DOM BOSCO,13333330,,,50215200000130,03500,,,,,RUA QUINZE DE NOVEMBRO,SP,,,353566251110,,J,,,S,,,,,7,0,,2475,,0,99,-1,-1
000775,PONTEIRAS RODRIGUES INDUSTRIA DE AUTO PECAS LTDA,PONTEIRAS RODRIGUES INDUSTRIA DE AUTO PE,AVENTUREIRO,89226000,,,75843599000124,04445,,,,,RUA TUIUTI,SC,,4734196699,250883465,,J,,,S,,,,,,0,,2784,,0,99,99,99
000776,SK AUTOPARTES LTDA,SK,PORTAO,07412000,,,48317193000135,03309,,,,,AVENIDA GOVERNADOR MARIO COVAS JUNIOR,SP,,46538000,188178098115,,J,,,S,,,,,7,0,,4435,,0,99,-1,-1
000777,CENTRAUTO AUTOPECAS LTDA,,ARIBIRI,29120600,,,44003397000140,03171,,,,,TRAVESSA ARISTIDES MIRANDA,ES,,,083828915,,J,,,S,,,,,7,0,,20,,0,99,-1,-1
000778,REAL MOTO PECAS LTDA,REAL MOTO PECAS LTDA,PORTO DE SANTANA,29153016,,,25630302002541,03111,,,,,R VERDES MARES,ES,,732022430,083482016,,J,,,S,,,,,,0,GALPAO 01,49,,0,99,99,99
000779,JAILSON DOS SANTOS SILVA 97977837587,JAILSON DOS SANTOS SILVA 97977837587,CONTORNO DE SAO JOSE,44695000,,,21179365000103,01909,,,,,AVENIDA AIRTON SENNA,BA,,74998004308,120060966,,J,,,S,,,,,,0,,755,,0,99,99,99
000780,SHEKPARTS DO BRASIL IND. E COM. EIRELLI EPP,SHEKPARTS,JARDIM SCYNTILA,07194490,,,21281037000105,03477,001,,,,RUA SANDOVALINA,SP,,,796274743115,,J,,,S,,,,,2,0,,093,,0,99,-1,-1
000781,TOPCAR AUTO PECAS LTDA,TOPCAR,SAUDE,04142110,,,37092936000108,03827,,,,,RUA MARYLANDES GROSSMANN,SP,,1147144858,128911426114,,J,,,S,,,,,7,0,,003,,0,99,-1,-1
000782,IRINEU AUTO PECAS LTDA,IRINEU AUTO PECAS LTDA,RODOVIA,48970000,,,56703106000106,02194,,,,,RODOVIA LOMANTO JUNIOR BR 407,BA,,7499999999,221410334,,J,,,S,,,,,,0,KM 127,115,,0,99,99,99
000783,TOTALFLUX INDUSTRIA DE PRODUTOS QUIMICOS LTDA,TOTALFLUX INDUSTRIA DE PRODUTOS QUIMICOS,BAIRRO CONCEICAO,95760000,,,17982571000171,05013,,,,,ESTRADA ESTRADA DA MACONARIA,RS,,5136350499,1280055623,,J,,,S,,,,,,0,,150,,0,99,99,99
000784,ABARE RADIADORES E TURBINAS EIRELI,ABARE RADIADORES E TURBINAS EIRELI,CAMINHO DO SOL,56330000,,,26203624000108,01588,,,,,AVE SETE DE SETEMBRO,PE,,8738662515,069048401,,J,,,S,00003625,,,,,0,56300000,814,,0,99,99,99
000785,AGS IMPORTADORA E EXPORTADORA LTDA,AGS IMPORTADORA E EXPORTADORA LTDA,JARDIM SANTA FRANCISCA,07034040,,,49318001000178,03477,,,,,RUA PAULO STEOLA,SP,,37166562,127910338115,,J,,,S,,,,,,0,GALPAO11,150,,0,99,99,99
000786,AUTO SUPER DISTRIBUIDORA AUTOMOTIVA LTDA,TIGER,VILA ALPINA,03209051,,,46601592000106,03827,,,,,RUA FERREIRA DE AGUIAR,SP,,11937317413,136868145110,,J,,,S,,,,,,0,,44,,0,99,-1,-1
000787,SUPREMA DISTRIBUIDORA DE PECAS AUTOMOTIVAS LTDA,SUPREMA DISTRIBUIDORA DE PECAS AUTOMOTIV,OURO BRANCO,47802147,,,11247799000131,01863,,,,,AV ANTONIO CARLOS MAGALHAES,BA,,7736110172,124346389,,J,,,S,,,,,,0,,1606,,0,99,99,99
000788,CONSTRUCOES E FERRAMENTAS DO VALE LTDA,CONSTRUCOES E FERRAMENTAS DO VALE LTDA,TABULEIRO,48906085,,,40956582000107,02042,,,,,RUA BELA VISTA,BA,,7488055695,176926905,,J,,,S,,,,,,0,LOJA 2,10,,0,99,99,99
000789,ANTONIO DOS SANTOS SILVA & CIA LTDA,ANTONIO DOS SANTOS SILVA E CIA LTDA,RODOVIARIO,48970000,,,14928709000166,02194,,,,,AVENIDA JOAO DURVAL CARNEIRO,BA,,7434521444,028715700,,J,,,S,,,,,,0,CASA,S/N,,0,99,99,99
000790,STARKE AUTOMOTIVE LTDA,STARKE AUTOMOTIVE LTDA,ESCOLINHA,89270000,,,55171684000186,04410,,,,,R LAURO ZIMMERMANN,SC,,1934023242,262940159,,J,,,S,,,,,,0,,1557,,0,99,99,99
000791,VALE MIX ATAC. DE MAT. DE CONST. LTDA ME,VALE MIX ATAC. DE MAT. DE CONST. LTDA ME,SAO GONCALO,56312460,,,11380693000101,01588,,,,,RUA JOSE FERREIRA DOS ANJOS,PE,,8788336467,056842503,,J,,,S,,,,,,0,,631,,0,99,99,99
000792,WAGNER ALMEIDA DE SOUZA 05697509545,WAGNER ALMEIDA DE SOUZA 05697509545,POVOADO DO PIRI,47350000,,,38190077000144,02196,,,,,10A AVENIDA AV DO BRAS,BA,,7488615557,170397809,,J,,,S,01007460,,,,,0,,S/N,,0,99,99,99
000793,RODOBENS VEICULOS COMERCIAIS BAHIA S.A.,RODOBENS VEICULOS COMERCIAIS BAHIA S.A.,SUBAE,44079002,,,03098482000152,01955,,,,,AV DEP LUIS EDUARDO MAGALHAES,BA,,7521018400,50766538,,J,,,S,,,,,,0,Rua Tom Central Br 324,SN,,0,99,99,99
000794,JN AUTO PECAS E SUCATAS LTDA,JN,VILA MAUA,74323240,,,04392892000174,05409,,,,,AVENIDA GENERAL COUTO DE MAGALHAES,GO,,,103380728,,J,,,S,00000087,,,,,0,QD 25 LT11,498,,0,99,-1,-1
000795,RELIABLE AUTOMOTIVE DO BRASIL COMERCIO DE AUTOPECA,RELIABLE AUTOMOTIVE DO BRASIL COMERCIO D,IPIRANGA,04275040,,,32297932000134,03827,,,,,RUA TORIBATE,SP,,1120961592,123383412114,,J,,,S,,,,,,0,,55,,0,99,99,99
000796,EXPEDITUBO INDUSTRIA E COMERCIO DE PECAS TUBOLARES,EXPEDITUBO INDUSTRIA E COMERCIO DE PECAS,NUCLEO ITAIM,08538100,,,72790991000164,03827,,,,,RUA PREF TAKUME KOIKE,SP,,1146769370,305190803117,,J,,,S,,,,,,0,,194,,0,99,99,99
000797,CONDUTEC MATERIAIS ELETRICOS LTDA,CONDUTEC MATERIAIS ELETRICOS LTDA,PALHINHAS,56308000,,,34591582000140,01588,,,,,AV.CORONEL ANTONIO HONORATO,PE,,8730242553,084430508,,J,,,S,,,,,,0,,495,,0,99,99,99
000798,SK AUTOMOTIVE DISTRIBUIDORA DE AUTOPECAS,SK AUTOMOTIVE DISTRIBUIDORA DE AUTOPECAS,JUNCO,64607760,,,08237002004874,00824,,,,,AVENIDA SENADOR HELVIDIO NUNES,PI,,551136160622,196877105,,J,,,S,,,,,,0,Galpao CICI2,4840-B,,0,99,99,99
000799,RDX PE COMERCIO E SERVICOS LTDA,RDX PE COMERCIO E SERVICOS LTDA,JARDIM PAULISTA,53409245,,,41219406000147,01584,,,,,AMAURI BARBOSA RUSSIANO JUNIOR,PE,,8381901402,117370690,,J,,,S,,,,,,0,,155,,0,99,99,99
000800,TETRA INDUSTRIA DE PRODUTOS AUTOMOTIVOS EIRELI,TETRA INDUSTRIA DE PRODUTOS AUTOMOTIVOS,SITIO NOVO,53110000,,,37071814000127,01573,,,,,AV. LUIZ CORREIA DE BRITO,PE,,8132421075,088652726,,J,,,S,,,,,,0,,1116,,0,99,99,99
000801,TSA TECNOLOGIA EM SISTEMAS AUTOMOTIVOS L,TSA TECNOLOGIA EM SISTEMAS AUTOMOTIVOS L,CHACARA SAO JOAO,13312500,,,05745983000109,03537,,,,,"ROD DEPUTADO ARCHIMEDES LAMMOGLIA, QUADRAQ",SP,,1140139966,387166238115,,J,,,S,,,,,,0,,KM 23,,0,99,99,99
000802,ALTA COMERCIAL DE VEICULOS LTDA,ALTA COMERCIAL DE VEICULOS LTDA,SANTANA,02022011,,,60866308001380,03827,,,,,AVENIDA BRAZ LEME,SP,,1129904200,131403455117,,J,,,S,,,,,,0,,2885,,0,99,99,99
000803,VIKN COMERCIO DE AUTO PECAS LTDA,VIKN COMERCIO DE AUTO PECAS LTDA,RUA VENEZUELA,09667020,,,31132278000146,03809,,,,,RUA VENEZUELA,SP,,,799083196118,,J,,,S,,,,,,0,,350,,0,99,99,99
000804,J P R COMERCIO DE PECAS AUTOMOTIVAS LTDA,J P R COMERCIO DE PECAS AUTOMOTIVAS LTDA,JARDIM ANALIA FRANCO,03333050,,,19226921000103,03827,,,,,RUA CORONEL IRINEU DE CASTRO,SP,,1122680526,118574055110,,J,,,S,,,,,,0,Nao consta,155,,0,99,99,99
000805,AUTOTUDO PRODUTOS AUTOMOTIVOS LTDA - EPP,AUTOTUDO PRODUTOS AUTOMOTIVOS LTDA - EPP,VILA RODRIGUES,19806172,,,05912242000175,03311,,,,,AV DOM ANTONIO,SP,,1833024900,189150364117,,J,,,S,,,,,,0,,945,,0,99,99,99
000806,RADIMPORT IMPORTACAO E EXPORTACAO LTDA,RADIMPORT IMPORTACAO E EXPORTACAO LTDA,BARAUNA,44020252,,,33920493000480,01955,,,,,RUA PARDAL,BA,,7531996681,226843735,,J,,,S,,,,,,0,,22,,0,99,99,99
000807,ABD AUTOMOTIVE LTDA,ABD AUTOMOTIVE LTDA,CONCEICAO,09911510,,,52392704000150,03417,,,,,RUA CARAMURU,SP,,1140542424,286834723110,,J,,,S,,,,,,0,,350,,0,99,99,99
000808,SINOSCAR SA,SINOSCAR SA,PATRIA NOVA,93410038,,,91688234000129,04888,,,,,AVENIDA PEDRO ADAMS FILHO,RS,,5135841300,0860010465,,J,,,S,,,,,,0,,3790,,0,99,99,99
000809,EUROVIA AUT E UTILIT SA MATRIZ,EUROVIA AUT E UTILIT SA MATRIZ,IMBIRIBEIRA,51180001,,,04109834000190,01594,,,,,AVENIDA MARECHAL MASCARENHAS DE MORAES,PE,,8121197039,027562506,,J,,,S,,,,,,0,PREDIO B,2160,,0,99,99,99
000810,MARIA CLEUDEI DA ANUNCIACAO SOUZA 45060266591,MARIA CLEUDEI DA ANUNCIACAO SOUZA 450602,JARDIM BRASILIA (ZONA NORTE),02858050,,,46439837000132,03827,,,,,AVENIDA DEPUTADO CANTIDIO SAMPAIO,SP,,0011998435869,136099940118,,J,,,S,,,,,,0,Nao consta,4910,,0,99,99,99
000811,RUAH VEICULOS LTDA,RUAH VEICULOS LTDA,DISTRITO INDUSTRIAL,94930615,,,04130692001204,04663,,,,,AV. CRUZEIRO,RS,,5130253000,1770200441,,J,,,S,,,,,,0,PAVILHAO 1B,840,,0,99,99,99
000812,WGS DISTRIBUIDORA DE AUTO PECAS LTDA F-4,WGS DISTRIBUIDORA DE AUTO PECAS LTDA F-4,ANITA GARIBALDI,89203307,,,04994734000780,04445,,,,,RUA OTTOKAR DOERFFEL,SC,,4730327300,255647492,,J,,,S,,,,,,0,,1139,,0,99,99,99
000813,KOLMEYA COMERCIAL LTDA,KOLMEYA COMERCIAL LTDA,VILA FORMOSA,03362050,,,46035486000102,03827,,,,,RUA ARACE,SP,,,134854981116,,J,,,S,,,,,,0,BOX 15,303,,0,99,99,99
000814,DNA DISTRIBUIDORA NACIONAL,DNA,VILA MARIA,02127001,,,38240976000104,05566,003,,,,AVENIDA ALBERTO BYINGTON,SP,,,000000000000000,,J,,,S,,,000000000000000,,1,0,,1877,,0,99,-1,-1
000815,ADEONE JOAO DA SILVA MUNIZ LTDA,ADEONE JOAO DA SILVA MUNIZ LTDA,CENTRO,56260000,,,50894043000136,01542,,,,,RUA DO ACESSO,PE,,8796508866,110975740,,J,,,S,00030577,,,,,0,,48,,0,99,99,99
000816,AUTO CENTRO VEM CAR EIRELI - ME,AUTO CENTRO VEM CAR EIRELI - ME,N. SRA. DAS GRACAS,56000000,,,24679368000196,01600,,,,,RUA MAJOR ANTONIO RUFINO,PE,,8738716661,067031439,,J,,,S,,,,,,0,,1110,,0,99,99,99
000817,T PARTS COMERCIAL E IMPORTADORA DE AUTO PECAS,T PARTS,VILA HAMBURGUESA,05302041,,,00262985000123,05566,,,,,RUA BRENTANO,SP,,,000000000000000,,J,,,S,,,000000000000000,,,0,,538,,0,99,-1,-1
000818,MONARCA INDUSTRIA DE COMPONENTES ELETRICOS LTDA,MONARCA,DISTRITO INDUSTRIAL,95688312,,,06002787000107,04679,,,,,RUA RADIAL LESTE,RS,,5432823412,0220053740,,J,,monarca@monarcapecas.com.br,S,,,000000000000000,,7,0,,182,,0,99,-1,-1
000819,MARLENE APARECIDA DA MOTA SANTOS,MARLENE APARECIDA DA MOTA SANTOS,SAO JOSE,35633110,,,48907420000182,02320,,,,,AVENIDA PADRE AUGUSTO,MG,,37991495280,0045046980088,,J,,,S,,,,,,0,Lado Impar,303,,0,99,99,99
000820,JUAREZ COMERCIAL DE PNEUS EIRELI,JUAREZ COMERCIAL DE PNEUS EIRELI,JOAO XXIII,48900365,,,28916691000197,02042,,,,,RODOVIA LOMANTO JUNIOR,BA,,7436126782,144246810,,J,,,S,,,,,,0,QUADRAB LOTEAME TRADE,LOTE 5,,0,99,99,99
000821,TOP RELAY ELETRONICA EIRELI,TOP RELAY ELETRONICA EIRELI,VILA LEONOR,02078000,,,29583420000120,03827,,,,,R CACHOEIRA DO ARARI,SP,,1122188474,129026597110,,J,,,S,,,,,,0,,422,,0,99,99,99
000822,IVANILDO MARIANO SOARES SOBRINHO,IVANILDO MARIANO SOARES SOBRINHO,CENTRO,56130000,,,54065604000145,01510,,,,,AV ELIZIARIO INACIO CAVALCANTE  2414,PE,,87981535622,115722998,,J,,,S,,,,,,0,,2414,,0,99,99,99
000823,CANTEIRO DE OBRAS IND E COM LTDA,CANTEIRO DE OBRAS IND E COM LTDA,DISTRITO INDUSTRIAL,48909725,,,08010381000282,02042,,,,,RODOVIA BR-407,BA,,07481025353,47590069,,J,,,S,,,,,,0,,0,,0,99,99,99
000824,POWER STOP IND COM DE COMP AUT LTDA,POWER STOP IND COM DE COMP AUT LTDA,CENTRO IND. LIMEIRA,13481210,,,12820389000109,03568,,,,,RUA ARAUCARIA,SP,,1934425420,417166596111,,J,,,S,,,,,,0,Via Jurandir P. C. 2800,343,,0,99,99,99
000825,VIEMAR INDUSTRIA E COMERCIO LTDA,VIEMAR INDUSTRIA E COMERCIO LTDA,ELSA,94420400,,,01070037000159,05086,,,,,RODOVIA RS-118,RS,,5133570700,1590265685,,J,,,S,,,,,,0,KM 30 PAVLH B,9393,,0,99,99,99
000826,TKT DISTRIBUIDORA AUTOMOTIVA LTDA,TKT DISTRIBUIDORA AUTOMOTIVA LTDA,ANCHIETA,09732520,,,61335776000157,03809,,,,,ARRAY,SP,,11989299357,154495523110,,J,,,S,,,,,,0,,230,,0,99,99,99
000827,COMPANHIA BRASILEIRA DISTR AUTOMOTIVA SA,COMPANHIA BRASILEIRA DISTR AUTOMOTIVA SA,SAO PEDRO,45070330,,,42580092009475,02237,,,,,ROD BA-262,BA,,7721025970,231416427,,J,,,S,,,,,,0,,0/KM1,,0,99,99,99
000828,GEMERSON FAGUNDES DA SILVA,GEMERSON FAGUNDES DA SILVA,LOTEAMENTO RECIFE,56320776,,,49562569000130,01588,,,,,RUA QUATORZE,PE,,8781792312,109027400,,J,,,S,,,,,,0,,SN,,0,99,99,99
000829,ORIENTE IMPORTACAO E EXPORTACAO DE AUTO PECAS LTDA,ORIENTE IMPORTACAO E EXPORTACAO DE AUTO,VILA MARIA BAIXA,02119000,,,52964667000108,03827,,,,,R.MARGARINOS TORRES,SP,,,132430800110,,J,,,S,,,,,,0,,644,,0,99,99,99
000830,GIULIANNO GALVAO SANTOS,GIULIANNO GALVAO SANTOS,ITAIM BIBI,04532060,,,29548638000143,03799,,,,,R DR GUILHERME BANNITZ,SP,,,151462049116,,J,,,S,,,,,,0,CJ81 AND 8 CXPST 11131,126,,0,99,99,99
000831,VINICI INDUSTRIA E COMERCIO DE PLASTICOS LTDA,VINICI INDUSTRIA E COMERCIO DE PLASTICOS,JARDIM DA GLORIA,06711250,,,24229281000117,03409,,,,,AV JOAO PAULO ABLAS,SP,,1147771354,278265486118,,J,,,S,,,,,,0,GALPAO 02,360,,0,99,99,99
000832,SANTA PARTS COMERCIO LTDA,SANTA PARTS COMERCIO LTDA,JARDIM RIVIERA,14402060,,,55959286000129,03450,,,,,AV ADHEMAR PEREIRA DE BARROS,SP,,00000000,150153511116,,J,,,S,,,,,,0,Nao consta,360,,0,99,99,99
000833,AUTOFLEX INDUSTRIA E COMERCIO DE AUTOPECAS S/A,AUTOFLEX INDUSTRIA E COMERCIO DE AUTOPEC,LOTEAMENTO INDUSTRIAL VECCON Z,13178545,,,35635942000120,03848,,,,,RUA JACARANDA BRASILIANA,SP,,3184276416,671517447111,,J,,,S,,,,,,0,,199,,0,99,99,99
000834,63.267.840 ANDRESSA VITORIA ROCHA DINIZ,63.267.840 ANDRESSA VITORIA ROCHA DINIZ,VILA AGARI,86808412,,,63267840000135,03926,,,,,RUA OURO BRANCO,PR,,4334222855,9118158854,,J,,,S,,,,,,0,,557,,0,99,99,99
000835,CPX DISTRIBUIDORA S.A. 4252 CENTRO CPX 4252,CPX DISTRIBUIDORA S.A. 4252 CENTRO CPX 4,ITAIPAVA,88316001,,,10158356005251,04434,,,,,ROD ANTONIO HEIL,SC,,08006022013,262361663,,J,,,S,,,,,,0,,800,,0,99,99,99
000836,NOVA DISTRIBUIDORA AUTOMOTIVA LTDA,NOVA DISTRIBUIDORA AUTOMOTIVA LTDA,QUARTA PARADA,03303000,,,60237163000114,03827,,,,,R PDE ADELINO,SP,,11949619459,153528622110,,J,,,S,,,,,,0,CONJ 121 SALA 36 ANDAR 12,2074,,0,99,99,99
000837,CPX DISTRIBUIDORA S.A,CPX DISTRIBUIDORA S.A,DO COMéRCIO,32152002,,,10158356000616,02446,,,,,R UM,MG,,3133943401,0018440140002,,J,,,S,,,,,,0,Galpão 1B,491,,0,99,99,99
000838,KLEITON EBER SERTAO PECAS LTDA,KLEITON EBER SERTAO PECAS LTDA,BOMBA,56280000,,,23734727000106,01475,,,,,AVENIDA GOVERNADOR MUNIZ FALCAO,PE,,87991574280,065166027,,J,,,S,,,,,,0,,856A,,0,99,99,99
000839,W1 INDUSTRIA DE AUTO PECAS LTDA,W1 INDUSTRIA DE AUTO PECAS LTDA,SAO JOAO CLIMACO,04240110,,,20867488000166,03827,,,,,RUA BARBINOS,SP,,551129452700,140056258112,,J,,,S,,,,,,0,,139,,0,99,99,99
000840,RACING PARTS COMERCIO ONLINE DE PECAS AUTOMOTIVAS,RACING PARTS COMERCIO ONLINE DE PECAS AU,CAMPOS ELISEOS,14085000,,,23485263000133,03752,,,,,AVENIDA SAUDADE,SP,,1633296445,797164997117,,J,,,S,,,,,,0,,2600,,0,99,99,99
000841,FNX MOTOPARTS LTDA EPP,FNX MOTOPARTS LTDA EPP,ACAIACA,31990380,,,11503640000130,02307,,,,,RUA EVEREST,MG,,3134344081,0015433040097,,J,,,S,,,,,,0,,119,,0,99,99,99
000842,JG MANGUEIRAS AUTOMOTIVAS LTDA,JG MANGUEIRAS AUTOMOTIVAS LTDA,JARDIM DO TREVO,13994606,,,32564190000166,03436,,,,,RUA ANTONIO JANINI,SP,,0019981551051,530063627114,,J,,,S,,,,,,0,Nao consta,95,,0,99,99,99
000843,MERCOFAR DIST COM IMPORT E EXPORT DE AUTOPECAS SA,MERCOFAR DIST COM IMPORT E EXPORT DE AUT,BEIRA RIO,88164275,,,10827136000123,04344,,,,,RUA EDGARD HOFFMANN (LOTEAMENTO CICOBI),SC,,4832432490,255917287,,J,,,S,,,,,,0,,646,,0,99,99,99
000844,KOSTAL ELETROMECâNICA LTDA.,KOSTAL ELETROMECâNICA LTDA.,DISTRITO INDUSTRIAL,14140000,,,60852274000726,03410,,,,,RUA VEREADOR MIGUEL CURY,SP,,551621220022,279107077115,,J,,,S,,,,,,0,Galpao 10,32,,0,99,99,99
000845,GEOBER COMERCIO DE PECAS EIRELI ME,GEOBER COMERCIO DE PECAS EIRELI ME,BOQUEIRAO,81650200,,,21899841000152,04003,,,,,RUA WALDEMAR LOUREIRO CAMPOS,PR,,4130455524,9068732066,,J,,,S,,,,,,0,861,861,,0,99,99,99
000846,BRX INDUSTRIA AUTOMOTIVA LTDA,BORFLEX,JARDIM CASARAO,13617383,,,62880490000115,03566,,,,,AVENIDA JOAQUIM LOPES AGUILLA,SP,,11971477608,415267517115,,J,,,S,,,,,,0,,3485,,0,99,-1,-1
000847,VIKAR DISTRIBUIDORA DE AUTO PARTES EIRELI,VIKAR DISTRIBUIDORA DE AUTO PARTES EIREL,PARQUE JOSE ALEXANDRE,06321350,,,29478110000145,03386,,,,,R DOUTOR CARLOS DE BARROS MONTEIRO,SP,,1141873733,255600410110,,J,,,S,,,,,,0,,111,,0,99,99,99
000848,PREMIUM SHOCKBRAS DIST. COM. ATACADISTA DE,PREMIUM SHOCKBRAS DIST. COM. ATACADISTA,CERAMICA,09540030,,,53076842000193,03810,,,,,RUA CASTRO ALVES,SP,,1143185202,636552913116,,J,,,S,,,,,,0,,1115,,0,99,99,99
000849,DK AUTO CENTER LTDA,DK AUTO CENTER LTDA,ANTôNIO CASSIMIRO,56321440,,,54411565000190,01588,,,,,AVENIDA DA REDENçãO,PE,,81994507117,116186208,,J,,,S,,,,,,0,,741,,0,99,99,99
